Workbook

Sheet usdjpy
I1: OPEN | J1: AVERAGE RET | K1: =SUBTOTAL(1,G12:G4236) -> -0.0001117501 | L1: AVE POS RET | M1: 0.0039924731 | O1: POS COUNT | P1: 2031 | Q1: =P1/$AC$25 -> 0.48071006 | S1: ADJ POS RET | T1: =M1*Q1 -> 0.001919222 | V1: STD DEV | W1: 1 | X1: 2 | Y1: 3 | AA1: STD DEV2 | AB1: ACTUAL | AC1: ACTUAL% | AD1: NORMAL | AE1: NORMAL%
I2: TO | J2: COUNT | K2: =SUBTOTAL(2,G12:G4236) -> 4225 | L2: AVE NEG RET | M2: -0.0039929535 | O2: NEG COUNT | P2: 2149 | Q2: =P2/$AC$25 -> 0.50863905 | S2: ADJ NEG RET | T2: =M2*Q2 -> -0.0020309721 | V2: UPPER | W2: =AC13+(1*AC17) -> 0.0054905628 | X2: =AC13+(2*AC17) -> 0.011092876 | Y2: =AC13+(3*AC17) -> 0.016695189 | AA2: 1 | AB2: 3251 | AC2: =AB2/$AC$25 -> 0.76946746 | AD2: =AE2*$AC$25 -> 2881.45 | AE2: 0.682
I3: OPEN | O3: 0 COUNTS | P3: =$AC25-P1-P2 -> 45 | Q3: =P3/$AC$25 -> 0.010650888 | V3: LOWER | W3: =AC13-(1*AC17) -> -0.005714063 | X3: =AC13-(2*AC17) -> -0.011316376 | Y3: =AC13-(3*AC17) -> -0.016918689 | AA3: 2 | AB3: 4004 | AC3: =AB3/$AC$25 -> 0.94769231 | AD3: =AE3*$AC$25 -> 4030.65 | AE3: 0.954
AA4: 3 | AB4: 4161 | AC4: =AB4/$AC$25 -> 0.98485207 | AD4: =AE4*$AC$25 -> 4216.55 | AE4: 0.998
A11: Date | B11: Price | C11: Open | D11: High | E11: Low | F11: Change % | G11: OPEN TO OPEN % | H11: HIGH TO LOW % | L11: INTERVALS | M11: Bin | N11: Frequency | W11: TEXT LABELS | X11: PROBABILITIES | Y11: CUMULATIVE PROBABILITIES | AB11: Column1
A12: 40179 | B12: 93 | C12: 93.01 | D12: 93.05 | E12: 92.98 | F12: 0.0011 | G12: =(C12-C13)/C13 -> 0.0023709451 | H12: =(D12-E12)/E12 -> 0.00075285008 | L12: -0.03 | M12: -0.03 | N12: 3 | W12: =TEXT(M12,"0.00%")&" TO "&TEXT(M13,"0.00%") -> -3.00% TO -2.70% | X12: =N12/$AC$25 -> 0.00071005917 | Y12: =X12 -> 0.00071005917
A13: 40182 | B13: 92.55 | C13: 92.79 | D13: 93.14 | E13: 92.19 | F13: -0.0048 | G13: =(C13-C14)/C14 -> 0.007273122 | H13: =(D13-E13)/E13 -> 0.010304805 | L13: -0.027 | M13: -0.027 | N13: 1 | W13: =TEXT(M13,"0.00%")&" TO "&TEXT(M14,"0.00%") -> -2.70% TO -2.40% | X13: =N13/$AC$25 -> 0.00023668639 | Y13: =X13+Y12 -> 0.00094674556 | AB13: Mean | AC13: -0.0001117501
A14: 40183 | B14: 91.72 | C14: 92.12 | D14: 92.52 | E14: 91.25 | F14: -0.009 | G14: =(C14-C15)/C15 -> 0.0010867203 | H14: =(D14-E14)/E14 -> 0.013917808 | L14: -0.024 | M14: -0.024 | N14: 1 | W14: =TEXT(M14,"0.00%")&" TO "&TEXT(M15,"0.00%") -> -2.40% TO -2.10% | X14: =N14/$AC$25 -> 0.00023668639 | Y14: =X14+Y13 -> 0.001183432 | AB14: Standard Error | AC14: 8.6189429e-05
A15: 40184 | B15: 92.34 | C15: 92.02 | D15: 92.7 | E15: 91.52 | F15: 0.0068 | G15: =(C15-C16)/C16 -> -0.0089391492 | H15: =(D15-E15)/E15 -> 0.012893357 | L15: -0.021 | M15: -0.021 | N15: 2 | W15: =TEXT(M15,"0.00%")&" TO "&TEXT(M16,"0.00%") -> -2.10% TO -1.80% | X15: =N15/$AC$25 -> 0.00047337278 | Y15: =X15+Y14 -> 0.0016568047 | AB15: Median | AC15: -0.00011859583
A16: 40185 | B16: 93.31 | C16: 92.85 | D16: 93.5 | E16: 92.1 | F16: 0.0105 | G16: =(C16-C17)/C17 -> -0.0012907389 | H16: =(D16-E16)/E16 -> 0.015200869 | L16: -0.018 | M16: -0.018 | N16: 10 | W16: =TEXT(M16,"0.00%")&" TO "&TEXT(M17,"0.00%") -> -1.80% TO -1.50% | X16: =N16/$AC$25 -> 0.0023668639 | Y16: =X16+Y15 -> 0.0040236686 | AB16: Mode | AC16: 0
A17: 40186 | B17: 92.61 | C17: 92.97 | D17: 93.61 | E17: 92.29 | F17: -0.0075 | G17: =(C17-C18)/C18 -> 0.0071498213 | H17: =(D17-E17)/E17 -> 0.014302741 | L17: -0.015 | M17: -0.015 | N17: 28 | W17: =TEXT(M17,"0.00%")&" TO "&TEXT(M18,"0.00%") -> -1.50% TO -1.20% | X17: =N17/$AC$25 -> 0.0066272189 | Y17: =X17+Y16 -> 0.010650888 | AB17: Standard Deviation | AC17: 0.0056023129
A18: 40189 | B18: 92.08 | C18: 92.31 | D18: 92.59 | E18: 91.81 | F18: -0.0057 | G18: =(C18-C19)/C19 -> 0.0081913499 | H18: =(D18-E18)/E18 -> 0.0084958066 | L18: -0.012 | M18: -0.012 | N18: 43 | W18: =TEXT(M18,"0.00%")&" TO "&TEXT(M19,"0.00%") -> -1.20% TO -0.90% | X18: =N18/$AC$25 -> 0.010177515 | Y18: =X18+Y17 -> 0.020828402 | AB18: Sample Variance | AC18: 3.138591e-05
A19: 40190 | B19: 90.95 | C19: 91.56 | D19: 92.35 | E19: 90.74 | F19: -0.0123 | G19: =(C19-C20)/C20 -> 0.0039473684 | H19: =(D19-E19)/E19 -> 0.017743002 | L19: -0.009 | M19: -0.009 | N19: 112 | W19: =TEXT(M19,"0.00%")&" TO "&TEXT(M20,"0.00%") -> -0.90% TO -0.60% | X19: =N19/$AC$25 -> 0.026508876 | Y19: =X19+Y18 -> 0.047337278 | AB19: Kurtosis | AC19: 4.796437
A20: 40191 | B20: 91.4 | C20: 91.2 | D20: 91.52 | E20: 90.9 | F20: 0.0049 | G20: =(C20-C21)/C21 -> -0.0010952903 | H20: =(D20-E20)/E20 -> 0.0068206821 | L20: -0.006 | M20: -0.006 | N20: 259 | W20: =TEXT(M20,"0.00%")&" TO "&TEXT(M21,"0.00%") -> -0.60% TO -0.30% | X20: =N20/$AC$25 -> 0.061301775 | Y20: =X20+Y19 -> 0.10863905 | AB20: Skewness | AC20: 0.34116143
A21: 40192 | B21: 91.14 | C21: 91.3 | D21: 92.01 | E21: 90.84 | F21: -0.0028 | G21: =(C21-C22)/C22 -> 0.003076247 | H21: =(D21-E21)/E21 -> 0.012879789 | L21: -0.003 | M21: -0.003 | N21: 612 | W21: =TEXT(M21,"0.00%")&" TO "&TEXT(M22,"0.00%") -> -0.30% TO 0.00% | X21: =N21/$AC$25 -> 0.14485207 | Y21: =X21+Y20 -> 0.25349112 | AB21: Range | AC21: 0.073916793
A22: 40193 | B22: 90.78 | C22: 91.02 | D22: 91.31 | E22: 90.59 | F22: -0.0039 | G22: =(C22-C23)/C23 -> 0.0026437541 | H22: =(D22-E22)/E22 -> 0.0079478971 | L22: 0 | M22: 0 | N22: 1123 | W22: =TEXT(M22,"0.00%")&" TO "&TEXT(M23,"0.00%") -> 0.00% TO 0.30% | X22: =N22/$AC$25 -> 0.26579882 | Y22: =X22+Y21 -> 0.51928994 | AB22: Minimum | AC22: -0.034253685
A23: 40196 | B23: 90.72 | C23: 90.78 | D23: 91.06 | E23: 90.62 | F23: -0.0007 | G23: =(C23-C24)/C24 -> -0.0019788918 | H23: =(D23-E23)/E23 -> 0.0048554403 | L23: 0.003 | M23: 0.003 | N23: 1061 | W23: =TEXT(M23,"0.00%")&" TO "&TEXT(M24,"0.00%") -> 0.30% TO 0.60% | X23: =N23/$AC$25 -> 0.25112426 | Y23: =X23+Y22 -> 0.7704142 | AB23: Maximum | AC23: 0.039663108
A24: 40197 | B24: 91.1 | C24: 90.96 | D24: 91.24 | E24: 90.31 | F24: 0.0042 | G24: =(C24-C25)/C25 -> -0.0025222064 | H24: =(D24-E24)/E24 -> 0.010297863 | L24: 0.006 | M24: 0.006 | N24: 546 | W24: =TEXT(M24,"0.00%")&" TO "&TEXT(M25,"0.00%") -> 0.60% TO 0.90% | X24: =N24/$AC$25 -> 0.12923077 | Y24: =X24+Y23 -> 0.89964497 | AB24: Sum | AC24: -0.47214419
A25: 40198 | B25: 91.25 | C25: 91.19 | D25: 91.4 | E25: 90.79 | F25: 0.0016 | G25: =(C25-C26)/C26 -> 0.0037424326 | H25: =(D25-E25)/E25 -> 0.0067188016 | L25: 0.009 | M25: 0.009 | N25: 234 | W25: =TEXT(M25,"0.00%")&" TO "&TEXT(M26,"0.00%") -> 0.90% TO 1.20% | X25: =N25/$AC$25 -> 0.055384615 | Y25: =X25+Y24 -> 0.95502959 | AB25: Count | AC25: 4225
A26: 40199 | B26: 90.42 | C26: 90.85 | D26: 91.83 | E26: 90.11 | F26: -0.0091 | G26: =(C26-C27)/C27 -> 0.0076530612 | H26: =(D26-E26)/E26 -> 0.019087782 | L26: 0.012 | M26: 0.012 | N26: 97 | W26: =TEXT(M26,"0.00%")&" TO "&TEXT(M27,"0.00%") -> 1.20% TO 1.50% | X26: =N26/$AC$25 -> 0.02295858 | Y26: =X26+Y25 -> 0.97798817
A27: 40200 | B27: 89.89 | C27: 90.16 | D27: 90.52 | E27: 89.78 | F27: -0.0059 | G27: =(C27-C28)/C28 -> -0.0015503876 | H27: =(D27-E27)/E27 -> 0.0082423702 | L27: 0.015 | M27: 0.015 | N27: 45 | W27: =TEXT(M27,"0.00%")&" TO "&TEXT(M28,"0.00%") -> 1.50% TO 1.80% | X27: =N27/$AC$25 -> 0.010650888 | Y27: =X27+Y26 -> 0.98863905
A28: 40203 | B28: 90.23 | C28: 90.3 | D28: 90.32 | E28: 89.81 | F28: 0.0038 | G28: =(C28-C29)/C29 -> 0.0038910506 | H28: =(D28-E28)/E28 -> 0.0056786549 | L28: 0.018 | M28: 0.018 | N28: 19 | W28: =TEXT(M28,"0.00%")&" TO "&TEXT(M29,"0.00%") -> 1.80% TO 2.10% | X28: =N28/$AC$25 -> 0.0044970414 | Y28: =X28+Y27 -> 0.99313609
A29: 40204 | B29: 89.62 | C29: 89.95 | D29: 90.52 | E29: 89.34 | F29: -0.0068 | G29: =(C29-C30)/C30 -> 0.0013358566 | H29: =(D29-E29)/E29 -> 0.01320797 | L29: 0.021 | M29: 0.021 | N29: 9 | W29: =TEXT(M29,"0.00%")&" TO "&TEXT(M30,"0.00%") -> 2.10% TO 2.40% | X29: =N29/$AC$25 -> 0.0021301775 | Y29: =X29+Y28 -> 0.99526627
A30: 40205 | B30: 90 | C30: 89.83 | D30: 90.06 | E30: 89.13 | F30: 0.0042 | G30: =(C30-C31)/C31 -> -0.001111976 | H30: =(D30-E30)/E30 -> 0.010434197 | L30: 0.024 | M30: 0.024 | N30: 10 | W30: =TEXT(M30,"0.00%")&" TO "&TEXT(M31,"0.00%") -> 2.40% TO 2.70% | X30: =N30/$AC$25 -> 0.0023668639 | Y30: =X30+Y29 -> 0.99763314
A31: 40206 | B31: 89.88 | C31: 89.93 | D31: 90.51 | E31: 89.63 | F31: -0.0013 | G31: =(C31-C32)/C32 -> -0.0017760018 | H31: =(D31-E31)/E31 -> 0.0098181412 | L31: 0.027 | M31: 0.027 | N31: 3 | W31: =TEXT(M31,"0.00%")&" TO "&TEXT(M32,"0.00%") -> 2.70% TO 3.00% | X31: =N31/$AC$25 -> 0.00071005917 | Y31: =X31+Y30 -> 0.9983432
A32: 40207 | B32: 90.3 | C32: 90.09 | D32: 90.9 | E32: 89.58 | F32: 0.0047 | G32: =(C32-C33)/C33 -> -0.0014409222 | H32: =(D32-E32)/E32 -> 0.014735432 | L32: 0.03 | M32: 0.03 | N32: 2 | W32: =TEXT(M32,"0.00%")&" TO "&TEXT(M33,"0.00%") -> 3.00% TO More | X32: =N32/$AC$25 -> 0.00047337278 | Y32: =X32+Y31 -> 0.99881657
A33: 40210 | B33: 90.62 | C33: 90.22 | D33: 90.89 | E33: 89.79 | F33: 0.0035 | G33: =(C33-C34)/C34 -> -0.0029837551 | H33: =(D33-E33)/E33 -> 0.012250807 | M33: More | N33: 5 | X33: =N33/$AC$25 -> 0.001183432 | Y33: =X33+Y32 -> 1
A34: 40211 | B34: 90.38 | C34: 90.49 | D34: 90.9 | E34: 90.26 | F34: -0.0026 | G34: =(C34-C35)/C35 -> -0.0020952801 | H34: =(D34-E34)/E34 -> 0.0070906271
A35: 40212 | B35: 90.97 | C35: 90.68 | D35: 91.22 | E35: 90.08 | F35: 0.0065 | G35: =(C35-C36)/C36 -> 0.0073317041 | H35: =(D35-E35)/E35 -> 0.012655417
A36: 40213 | B36: 88.95 | C36: 90.02 | D36: 91.06 | E36: 88.56 | F36: -0.0222 | G36: =(C36-C37)/C37 -> 0.0098721113 | H36: =(D36-E36)/E36 -> 0.028229449
A37: 40214 | B37: 89.33 | C37: 89.14 | D37: 89.8 | E37: 88.82 | F37: 0.0043 | G37: =(C37-C38)/C38 -> -0.0027967334 | H37: =(D37-E37)/E37 -> 0.011033551
A38: 40217 | B38: 89.3 | C38: 89.39 | D38: 89.55 | E38: 89.14 | F38: -0.0003 | G38: =(C38-C39)/C39 -> -0.0013406323 | H38: =(D38-E38)/E38 -> 0.0045995064 | L38: INTERVALS | M38: Bin | N38: Frequency | X38: PROBABILITIES | Y38: CUMULATIVE PROBABILITIES | AB38: Column1
A39: 40218 | B39: 89.65 | C39: 89.51 | D39: 89.81 | E39: 89.15 | F39: 0.0039 | G39: =(C39-C40)/C40 -> -0.0032293987 | H39: =(D39-E39)/E39 -> 0.0074032529 | L39: 0.002 | M39: 0.002 | N39: 32 | X39: =N39/$AC$52 -> 0.0075739645 | Y39: =X39 -> 0.0075739645
A40: 40219 | B40: 89.97 | C40: 89.8 | D40: 90.05 | E40: 89.23 | F40: 0.0036 | G40: =(C40-C41)/C41 -> -0.00044523598 | H40: =(D40-E40)/E40 -> 0.0091897344 | L40: 0.004 | M40: 0.004 | N40: 487 | X40: =N40/$AC$52 -> 0.11526627 | Y40: =X40+Y39 -> 0.12284024 | AB40: Mean | AC40: 0.0084372433
A41: 40220 | B41: 89.72 | C41: 89.84 | D41: 90.12 | E41: 89.56 | F41: -0.0028 | G41: =(C41-C42)/C42 -> -0.00033381551 | H41: =(D41-E41)/E41 -> 0.0062527914 | L41: 0.006 | M41: 0.006 | N41: 957 | X41: =N41/$AC$52 -> 0.22650888 | Y41: =X41+Y40 -> 0.34934911 | AB41: Standard Error | AC41: 8.0850789e-05
A42: 40221 | B42: 90.02 | C42: 89.87 | D42: 90.35 | E42: 89.58 | F42: 0.0033 | G42: =(C42-C43)/C43 -> -0.0023312611 | H42: =(D42-E42)/E42 -> 0.0085956687 | L42: 0.008 | M42: 0.008 | N42: 943 | X42: =N42/$AC$52 -> 0.22319527 | Y42: =X42+Y41 -> 0.57254438 | AB42: Median | AC42: 0.007310504
A43: 40224 | B43: 89.98 | C43: 90.08 | D43: 90.21 | E43: 89.9 | F43: -0.0004 | G43: =(C43-C44)/C44 -> 0 | H43: =(D43-E43)/E43 -> 0.0034482759 | L43: 0.01 | M43: 0.01 | N43: 685 | X43: =N43/$AC$52 -> 0.16213018 | Y43: =X43+Y42 -> 0.73467456 | AB43: Mode | AC43: 0.0050907192
A44: 40225 | B44: 90.1 | C44: 90.08 | D44: 90.49 | E44: 89.71 | F44: 0.0013 | G44: =(C44-C45)/C45 -> -0.0068357222 | H44: =(D44-E44)/E44 -> 0.0086946829 | L44: 0.012 | M44: 0.012 | N44: 439 | X44: =N44/$AC$52 -> 0.10390533 | Y44: =X44+Y43 -> 0.83857988 | AB44: Standard Deviation | AC44: 0.0052553013
A45: 40226 | B45: 91.36 | C45: 90.7 | D45: 91.38 | E45: 90.11 | F45: 0.014 | G45: =(C45-C46)/C46 -> -0.0089597902 | H45: =(D45-E45)/E45 -> 0.014093885 | L45: 0.014 | M45: 0.014 | N45: 249 | X45: =N45/$AC$52 -> 0.058934911 | Y45: =X45+Y44 -> 0.89751479 | AB45: Sample Variance | AC45: 2.7618191e-05
A46: 40227 | B46: 91.22 | C46: 91.52 | D46: 91.76 | E46: 90.57 | F46: -0.0015 | G46: =(C46-C47)/C47 -> -0.0013094718 | H46: =(D46-E46)/E46 -> 0.013139009 | L46: 0.016 | M46: 0.016 | N46: 159 | X46: =N46/$AC$52 -> 0.037633136 | Y46: =X46+Y45 -> 0.93514793 | AB46: Kurtosis | AC46: 21.993409
A47: 40228 | B47: 91.59 | C47: 91.64 | D47: 92.07 | E47: 91.6 | F47: 0.0041 | G47: =(C47-C48)/C48 -> 0.0033942845 | H47: =(D47-E47)/E47 -> 0.0051310044 | L47: 0.018 | M47: 0.018 | N47: 79 | X47: =N47/$AC$52 -> 0.018698225 | Y47: =X47+Y46 -> 0.95384615 | AB47: Skewness | AC47: 3.2428639
A48: 40231 | B48: 91.12 | C48: 91.33 | D48: 91.84 | E48: 91.01 | F48: -0.0051 | G48: =(C48-C49)/C49 -> 0.0071680635 | H48: =(D48-E48)/E48 -> 0.0091198769 | L48: 0.02 | M48: 0.02 | N48: 71 | X48: =N48/$AC$52 -> 0.016804734 | Y48: =X48+Y47 -> 0.97065089 | AB48: Range | AC48: 0.077752621
A49: 40232 | B49: 90.2 | C49: 90.68 | D49: 91.29 | E49: 89.92 | F49: -0.0101 | G49: =(C49-C50)/C50 -> 0.0053215078 | H49: =(D49-E49)/E49 -> 0.015235765 | L49: 0.022 | M49: 0.022 | N49: 33 | X49: =N49/$AC$52 -> 0.0078106509 | Y49: =X49+Y48 -> 0.97846154 | AB49: Minimum | AC49: 0.00024939729
A50: 40233 | B50: 90.2 | C50: 90.2 | D50: 90.36 | E50: 89.76 | F50: 0 | G50: =(C50-C51)/C51 -> 0.0066964286 | H50: =(D50-E50)/E50 -> 0.006684492 | L50: 0.024 | M50: 0.024 | N50: 28 | X50: =N50/$AC$52 -> 0.0066272189 | Y50: =X50+Y49 -> 0.98508876 | AB50: Maximum | AC50: 0.078002018
A51: 40234 | B51: 89.07 | C51: 89.6 | D51: 90.31 | E51: 88.8 | F51: -0.0125 | G51: =(C51-C52)/C52 -> 0.0061763054 | H51: =(D51-E51)/E51 -> 0.017004505 | L51: 0.026 | M51: 0.026 | N51: 16 | X51: =N51/$AC$52 -> 0.0037869822 | Y51: =X51+Y50 -> 0.98887574 | AB51: Sum | AC51: 35.647353
A52: 40235 | B52: 88.85 | C52: 89.05 | D52: 89.45 | E52: 88.74 | F52: -0.0025 | G52: =(C52-C53)/C53 -> 0.00078669364 | H52: =(D52-E52)/E52 -> 0.0080009015 | L52: 0.028 | M52: 0.028 | N52: 7 | X52: =N52/$AC$52 -> 0.0016568047 | Y52: =X52+Y51 -> 0.99053254 | AB52: Count | AC52: 4225
A53: 40238 | B53: 89.09 | C53: 88.98 | D53: 89.44 | E53: 88.81 | F53: 0.0027 | G53: =(C53-C54)/C54 -> -0.0002247191 | H53: =(D53-E53)/E53 -> 0.0070937957 | L53: 0.03 | M53: 0.03 | N53: 8 | X53: =N53/$AC$52 -> 0.0018934911 | Y53: =X53+Y52 -> 0.99242604
A54: 40239 | B54: 88.74 | C54: 89 | D54: 89.38 | E54: 88.55 | F54: -0.0039 | G54: =(C54-C55)/C55 -> 0.0040613718 | H54: =(D54-E54)/E54 -> 0.0093732355 | L54: 0.032 | M54: 0.032 | N54: 4 | X54: =N54/$AC$52 -> 0.00094674556 | Y54: =X54+Y53 -> 0.99337278
A55: 40240 | B55: 88.43 | C55: 88.64 | D55: 88.96 | E55: 88.31 | F55: -0.0035 | G55: =(C55-C56)/C56 -> -0.0013519603 | H55: =(D55-E55)/E55 -> 0.0073604348 | L55: 0.034 | M55: 0.034 | N55: 4 | X55: =N55/$AC$52 -> 0.00094674556 | Y55: =X55+Y54 -> 0.99431953
A56: 40241 | B56: 89.07 | C56: 88.76 | D56: 89.23 | E56: 88.13 | F56: 0.0072 | G56: =(C56-C57)/C57 -> -0.010810208 | H56: =(D56-E56)/E56 -> 0.012481561 | L56: 0.036 | M56: 0.036 | N56: 4 | X56: =N56/$AC$52 -> 0.00094674556 | Y56: =X56+Y55 -> 0.99526627
A57: 40242 | B57: 90.29 | C57: 89.73 | D57: 90.59 | E57: 88.97 | F57: 0.0137 | G57: =(C57-C58)/C58 -> -0.0073016927 | H57: =(D57-E57)/E57 -> 0.018208385 | L57: 0.038 | M57: 0.038 | N57: 5 | X57: =N57/$AC$52 -> 0.001183432 | Y57: =X57+Y56 -> 0.9964497
A58: 40245 | B58: 90.26 | C58: 90.39 | D58: 90.65 | E58: 90.14 | F58: -0.0003 | G58: =(C58-C59)/C59 -> 0.0027734635 | H58: =(D58-E58)/E58 -> 0.0056578655 | L58: 0.04 | M58: 0.04 | N58: 6 | X58: =N58/$AC$52 -> 0.0014201183 | Y58: =X58+Y57 -> 0.99786982
A59: 40246 | B59: 89.96 | C59: 90.14 | D59: 90.32 | E59: 89.62 | F59: -0.0033 | G59: =(C59-C60)/C60 -> -0.00099745096 | H59: =(D59-E59)/E59 -> 0.0078107565 | M59: More | N59: 10 | X59: =N59/$AC$52 -> 0.0023668639 | Y59: =X59+Y58 -> 1.0002367
A60: 40247 | B60: 90.51 | C60: 90.23 | D60: 90.76 | E60: 89.84 | F60: 0.0061 | G60: =(C60-C61)/C61 -> -0.0032037119 | H60: =(D60-E60)/E60 -> 0.010240427
A61: 40248 | B61: 90.51 | C61: 90.52 | D61: 90.7 | E61: 90.2 | F61: 0 | G61: =(C61-C62)/C62 -> -0.00022089684 | H61: =(D61-E61)/E61 -> 0.0055432373
A62: 40249 | B62: 90.46 | C62: 90.54 | D62: 91.04 | E62: 90.17 | F62: -0.0006 | G62: =(C62-C63)/C63 -> -0.0005519373 | H62: =(D62-E62)/E62 -> 0.0096484418
A63: 40252 | B63: 90.52 | C63: 90.59 | D63: 90.78 | E63: 90.34 | F63: 0.0007 | G63: =(C63-C64)/C64 -> 0.0022126341 | H63: =(D63-E63)/E63 -> 0.0048704893
A64: 40253 | B64: 90.27 | C64: 90.39 | D64: 90.7 | E64: 89.98 | F64: -0.0028 | G64: =(C64-C65)/C65 -> 0.0013293453 | H64: =(D64-E64)/E64 -> 0.0080017782
A65: 40254 | B65: 90.27 | C65: 90.27 | D65: 90.68 | E65: 90.03 | F65: 0 | G65: =(C65-C66)/C66 -> -0.00088544549 | H65: =(D65-E65)/E65 -> 0.0072198156
A66: 40255 | B66: 90.37 | C66: 90.35 | D66: 90.65 | E66: 89.76 | F66: 0.0011 | G66: =(C66-C67)/C67 -> -0.0009951349 | H66: =(D66-E66)/E66 -> 0.0099153298
A67: 40256 | B67: 90.53 | C67: 90.44 | D67: 90.7 | E67: 90.33 | F67: 0.0018 | G67: =(C67-C68)/C68 -> 0.0014394862 | H67: =(D67-E67)/E67 -> 0.0040960921
A68: 40259 | B68: 90.09 | C68: 90.31 | D68: 90.73 | E68: 89.83 | F68: -0.0049 | G68: =(C68-C69)/C69 -> 0.00022150847 | H68: =(D68-E68)/E68 -> 0.010018925
A69: 40260 | B69: 90.41 | C69: 90.29 | D69: 90.48 | E69: 90.05 | F69: 0.0036 | G69: =(C69-C70)/C70 -> -0.011170737 | H69: =(D69-E69)/E69 -> 0.0047751249
A70: 40261 | B70: 92.21 | C70: 91.31 | D70: 92.36 | E70: 90.34 | F70: 0.0199 | G70: =(C70-C71)/C71 -> -0.012437811 | H70: =(D70-E70)/E70 -> 0.022359973
A71: 40262 | B71: 92.68 | C71: 92.46 | D71: 92.91 | E71: 91.76 | F71: 0.0051 | G71: =(C71-C72)/C72 -> -0.0014040393 | H71: =(D71-E71)/E71 -> 0.012532694
... A4236: 46093 | B4236: 159.35 | C4236: 158.95 | D4236: 159.44 | E4236: 158.57 | F4236: 0.0025 | G4236: =(C4236-C4237)/C4237 -> -0.0025101977 | H4236: =(D4236-E4236)/E4236 -> 0.0054865359
A4237: 46094 | B4237: 159.73 | C4237: 159.35 | D4237: 159.75 | E4237: 159 | F4237: 0.0024 | H4237: =(D4237-E4237)/E4237 -> 0.0047169811

Sheet usdcad
I1: open to open | J1: average returns | K1: =SUBTOTAL(1,G12:G4236) -> -5.039277e-05 | M1: avg pos | N1: 0.0035499287 | P1: pos count | Q1: 2038 | R1: =Q1/$T$25 -> 0.48236686 | T1: adj post ret | U1: =N1*R1 -> 0.001712368 | W1: std dev | X1: 1 | Y1: 2 | Z1: 3 | AB1: std dev 2 | AC1: actual | AD1: actual % | AE1: normal | AF1: normal%
J2: counts | K2: =SUBTOTAL(2,G12:G4236) -> 4225 | M2: avg neg | N2: -0.0034769674 | P2: neg count | Q2: 2142 | R2: =Q2/$T$25 -> 0.50698225 | T2: adj neg ret | U2: =N2*R2 -> -0.0017627607 | W2: upper | X2: =T13+(1*T17) -> 0.0046270213 | Y2: =T13+(2*T17) -> 0.0093044354 | Z2: =T13+(3*T17) -> 0.013981849 | AB2: 1 | AC2: 3091 | AD2: =AC2/$T$25 -> 0.73159763 | AE2: =AF2*$T$25 -> 2881.45 | AF2: 0.682
P3: 0 count | Q3: =T25-Q1-Q2 -> 45 | R3: =Q3/$T$25 -> 0.010650888 | W3: lower | X3: =T13-(1*T17) -> -0.0047278068 | Y3: =T13-(2*T17) -> -0.0094052209 | Z3: =T13-(3*T17) -> -0.014082635 | AB3: 2 | AC3: 4000 | AD3: =AC3/$T$25 -> 0.94674556 | AE3: =AF3*$T$25 -> 4030.65 | AF3: 0.954
AB4: 3 | AC4: 4179 | AD4: =AC4/$T$25 -> 0.98911243 | AE4: =AF4*$T$25 -> 4216.55 | AF4: 0.998
A11: Date | B11: Price | C11: Open | D11: High | E11: Low | F11: Change % | G11: open to open | H11: high to low | L11: intervals | M11: Bin | N11: Frequency | O11: text labels | P11: PROBABILITIES | Q11: CUMMULATIV PROBABILITIES | S11: Column1
A12: 40179 | B12: 1.0517 | C12: 1.0527 | D12: 1.054 | E12: 1.052 | F12: -0.0001 | G12: =(C12-C13)/C13 -> 0.00085567598 | H12: =(D12-E12)/E12 -> 0.0019011407 | L12: -0.03 | M12: -0.03 | N12: 0 | O12: =TEXT(L12,"0.00%")&" TO "&TEXT(L13,"0.00%") -> -3.00% TO -2.70% | P12: =N12/$T$25 -> 0 | Q12: =P12 -> 0
A13: 40182 | B13: 1.0414 | C13: 1.0518 | D13: 1.0521 | E13: 1.0352 | F13: -0.0098 | G13: =(C13-C14)/C14 -> 0.0097926267 | H13: =(D13-E13)/E13 -> 0.016325348 | L13: -0.027 | M13: -0.027 | N13: 0 | O13: =TEXT(L13,"0.00%")&" TO "&TEXT(L14,"0.00%") -> -2.70% TO -2.40% | P13: =N13/$T$25 -> 0 | Q13: =P13+Q12 -> 0 | S13: Mean | T13: -5.039277e-05
A14: 40183 | B14: 1.0394 | C14: 1.0416 | D14: 1.0427 | E14: 1.0336 | F14: -0.0019 | G14: =(C14-C15)/C15 -> 0.0026954178 | H14: =(D14-E14)/E14 -> 0.0088041796 | L14: -0.024 | M14: -0.024 | N14: 1 | O14: =TEXT(L14,"0.00%")&" TO "&TEXT(L15,"0.00%") -> -2.40% TO -2.10% | P14: =N14/$T$25 -> 0.00023668639 | Q14: =P14+Q13 -> 0.00023668639 | S14: Standard Error | T14: 7.1960216e-05
A15: 40184 | B15: 1.0316 | C15: 1.0388 | D15: 1.0411 | E15: 1.0312 | F15: -0.0075 | G15: =(C15-C16)/C16 -> 0.0062966192 | H15: =(D15-E15)/E15 -> 0.0096004655 | L15: -0.021 | M15: -0.021 | N15: 0 | O15: =TEXT(L15,"0.00%")&" TO "&TEXT(L16,"0.00%") -> -2.10% TO -1.80% | P15: =N15/$T$25 -> 0 | Q15: =P15+Q14 -> 0.00023668639 | S15: Median | T15: -0.00010064412
A16: 40185 | B16: 1.0345 | C16: 1.0323 | D16: 1.0376 | E16: 1.0291 | F16: 0.0028 | G16: =(C16-C17)/C17 -> -0.0021266312 | H16: =(D16-E16)/E16 -> 0.0082596443 | L16: -0.018 | M16: -0.018 | N16: 8 | O16: =TEXT(L16,"0.00%")&" TO "&TEXT(L17,"0.00%") -> -1.80% TO -1.50% | P16: =N16/$T$25 -> 0.0018934911 | Q16: =P16+Q15 -> 0.0021301775 | S16: Mode | T16: 0
A17: 40186 | B17: 1.03 | C17: 1.0345 | D17: 1.0387 | E17: 1.0295 | F17: -0.0043 | G17: =(C17-C18)/C18 -> 0.0054427058 | H17: =(D17-E17)/E17 -> 0.0089363769 | L17: -0.015 | M17: -0.015 | N17: 11 | O17: =TEXT(L17,"0.00%")&" TO "&TEXT(L18,"0.00%") -> -1.50% TO -1.20% | P17: =N17/$T$25 -> 0.0026035503 | Q17: =P17+Q16 -> 0.0047337278 | S17: Standard Deviation | T17: 0.0046774141
A18: 40189 | B18: 1.0333 | C18: 1.0289 | D18: 1.0345 | E18: 1.0252 | F18: 0.0032 | G18: =(C18-C19)/C19 -> -0.004450895 | H18: =(D18-E18)/E18 -> 0.0090714007 | L18: -0.012 | M18: -0.012 | N18: 31 | O18: =TEXT(L18,"0.00%")&" TO "&TEXT(L19,"0.00%") -> -1.20% TO -0.90% | P18: =N18/$T$25 -> 0.0073372781 | Q18: =P18+Q17 -> 0.012071006 | S18: Sample Variance | T18: 2.1878202e-05
A19: 40190 | B19: 1.0393 | C19: 1.0335 | D19: 1.0416 | E19: 1.0313 | F19: 0.0058 | G19: =(C19-C20)/C20 -> -0.0055806793 | H19: =(D19-E19)/E19 -> 0.0099873946 | L19: -0.009 | M19: -0.009 | N19: 84 | O19: =TEXT(L19,"0.00%")&" TO "&TEXT(L20,"0.00%") -> -0.90% TO -0.60% | P19: =N19/$T$25 -> 0.019881657 | Q19: =P19+Q18 -> 0.031952663 | S19: Kurtosis | T19: 1.7960739
A20: 40191 | B20: 1.0307 | C20: 1.0393 | D20: 1.0413 | E20: 1.0288 | F20: -0.0083 | G20: =(C20-C21)/C21 -> 0.0084416845 | H20: =(D20-E20)/E20 -> 0.012150078 | L20: -0.006 | M20: -0.006 | N20: 231 | O20: =TEXT(L20,"0.00%")&" TO "&TEXT(L21,"0.00%") -> -0.60% TO -0.30% | P20: =N20/$T$25 -> 0.054674556 | Q20: =P20+Q19 -> 0.086627219 | S20: Skewness | T20: -0.054932439
A21: 40192 | B21: 1.0232 | C21: 1.0306 | D21: 1.0324 | E21: 1.0224 | F21: -0.0073 | G21: =(C21-C22)/C22 -> 0.0071337829 | H21: =(D21-E21)/E21 -> 0.0097809077 | L21: -0.003 | M21: -0.003 | N21: 596 | O21: =TEXT(L21,"0.00%")&" TO "&TEXT(L22,"0.00%") -> -0.30% TO 0.00% | P21: =N21/$T$25 -> 0.14106509 | Q21: =P21+Q20 -> 0.22769231 | S21: Range | T21: 0.0475149
A22: 40193 | B22: 1.0287 | C22: 1.0233 | D22: 1.0316 | E22: 1.0231 | F22: 0.0054 | G22: =(C22-C23)/C23 -> -0.0067941376 | H22: =(D22-E22)/E22 -> 0.0083080833 | L22: 0 | M22: 0 | N22: 1225 | O22: =TEXT(L22,"0.00%")&" TO "&TEXT(L23,"0.00%") -> 0.00% TO 0.30% | P22: =N22/$T$25 -> 0.28994083 | Q22: =P22+Q21 -> 0.51763314 | S22: Minimum | T22: -0.026057719
A23: 40196 | B23: 1.0261 | C23: 1.0303 | D23: 1.0316 | E23: 1.0247 | F23: -0.0025 | G23: =(C23-C24)/C24 -> 0.0037996882 | H23: =(D23-E23)/E23 -> 0.0067336781 | L23: 0.003 | M23: 0.003 | N23: 1096 | O23: =TEXT(L23,"0.00%")&" TO "&TEXT(L24,"0.00%") -> 0.30% TO 0.60% | P23: =N23/$T$25 -> 0.25940828 | Q23: =P23+Q22 -> 0.77704142 | S23: Maximum | T23: 0.021457181
A24: 40197 | B24: 1.0305 | C24: 1.0264 | D24: 1.035 | E24: 1.0248 | F24: 0.0043 | G24: =(C24-C25)/C25 -> -0.0043651179 | H24: =(D24-E24)/E24 -> 0.0099531616 | L24: 0.006 | M24: 0.006 | N24: 576 | O24: =TEXT(L24,"0.00%")&" TO "&TEXT(L25,"0.00%") -> 0.60% TO 0.90% | P24: =N24/$T$25 -> 0.13633136 | Q24: =P24+Q23 -> 0.91337278 | S24: Sum | T24: -0.21290945
A25: 40198 | B25: 1.046 | C25: 1.0309 | D25: 1.0491 | E25: 1.0303 | F25: 0.015 | G25: =(C25-C26)/C26 -> -0.015095061 | H25: =(D25-E25)/E25 -> 0.018247112 | L25: 0.009 | M25: 0.009 | N25: 243 | O25: =TEXT(L25,"0.00%")&" TO "&TEXT(L26,"0.00%") -> 0.90% TO 1.20% | P25: =N25/$T$25 -> 0.057514793 | Q25: =P25+Q24 -> 0.97088757 | S25: Count | T25: 4225
A26: 40199 | B26: 1.0519 | C26: 1.0467 | D26: 1.0526 | E26: 1.0438 | F26: 0.0056 | G26: =(C26-C27)/C27 -> -0.0047542075 | H26: =(D26-E26)/E26 -> 0.0084307339 | L26: 0.012 | M26: 0.012 | N26: 79 | O26: =TEXT(L26,"0.00%")&" TO "&TEXT(L27,"0.00%") -> 1.20% TO 1.50% | P26: =N26/$T$25 -> 0.018698225 | Q26: =P26+Q25 -> 0.9895858
A27: 40200 | B27: 1.0575 | C27: 1.0517 | D27: 1.0604 | E27: 1.0463 | F27: 0.0053 | G27: =(C27-C28)/C28 -> -0.0059546314 | H27: =(D27-E27)/E27 -> 0.013476058 | L27: 0.015 | M27: 0.015 | N27: 27 | O27: =TEXT(L27,"0.00%")&" TO "&TEXT(L28,"0.00%") -> 1.50% TO 1.80% | P27: =N27/$T$25 -> 0.0063905325 | Q27: =P27+Q26 -> 0.99597633
A28: 40203 | B28: 1.0581 | C28: 1.058 | D28: 1.0615 | E28: 1.0532 | F28: 0.0006 | G28: =(C28-C29)/C29 -> 0.00018907166 | H28: =(D28-E28)/E28 -> 0.0078807444 | L28: 0.018 | M28: 0.018 | N28: 10 | O28: =TEXT(L28,"0.00%")&" TO "&TEXT(L29,"0.00%") -> 1.80% TO 2.10% | P28: =N28/$T$25 -> 0.0023668639 | Q28: =P28+Q27 -> 0.9983432
A29: 40204 | B29: 1.0623 | C29: 1.0578 | D29: 1.0694 | E29: 1.0545 | F29: 0.004 | G29: =(C29-C30)/C30 -> -0.0046108968 | H29: =(D29-E29)/E29 -> 0.014129919 | L29: 0.021 | M29: 0.021 | N29: 6 | O29: =TEXT(L29,"0.00%")&" TO "&TEXT(L30,"0.00%") -> 2.10% TO 2.40% | P29: =N29/$T$25 -> 0.0014201183 | Q29: =P29+Q28 -> 0.99976331
A30: 40205 | B30: 1.0639 | C30: 1.0627 | D30: 1.069 | E30: 1.0608 | F30: 0.0015 | G30: =(C30-C31)/C31 -> -0.0023469771 | H30: =(D30-E30)/E30 -> 0.0077300151 | L30: 0.024 | M30: 0.024 | N30: 1 | O30: =TEXT(L30,"0.00%")&" TO "&TEXT(L31,"0.00%") -> 2.40% TO 2.70% | P30: =N30/$T$25 -> 0.00023668639 | Q30: =P30+Q29 -> 1
A31: 40206 | B31: 1.0665 | C31: 1.0652 | D31: 1.0669 | E31: 1.0556 | F31: 0.0024 | G31: =(C31-C32)/C32 -> -0.0011252813 | H31: =(D31-E31)/E31 -> 0.010704812 | L31: 0.027 | M31: 0.027 | N31: 0 | O31: =TEXT(L31,"0.00%")&" TO "&TEXT(L32,"0.00%") -> 2.70% TO 3.00% | P31: =N31/$T$25 -> 0
A32: 40207 | B32: 1.0696 | C32: 1.0664 | D32: 1.07 | E32: 1.0623 | F32: 0.0029 | G32: =(C32-C33)/C33 -> -0.0043880123 | H32: =(D32-E32)/E32 -> 0.0072484232 | L32: 0.03 | M32: 0.03 | N32: 0 | P32: =N32/$T$25 -> 0
A33: 40210 | B33: 1.0616 | C33: 1.0711 | D33: 1.0723 | E33: 1.061 | F33: -0.0075 | G33: =(C33-C34)/C34 -> 0.0085687382 | H33: =(D33-E33)/E33 -> 0.01065033 | M33: More | N33: 0 | P33: =N33/$T$25 -> 0
A34: 40211 | B34: 1.0579 | C34: 1.062 | D34: 1.0642 | E34: 1.0564 | F34: -0.0035 | G34: =(C34-C35)/C35 -> 0.003685852 | H34: =(D34-E34)/E34 -> 0.0073835668
A35: 40212 | B35: 1.0621 | C35: 1.0581 | D35: 1.0633 | E35: 1.0545 | F35: 0.004 | G35: =(C35-C36)/C36 -> -0.004328597 | H35: =(D35-E35)/E35 -> 0.0083451873
A36: 40213 | B36: 1.0724 | C36: 1.0627 | D36: 1.0754 | E36: 1.0596 | F36: 0.0097 | G36: =(C36-C37)/C37 -> -0.0099683249 | H36: =(D36-E36)/E36 -> 0.014911287
A37: 40214 | B37: 1.0685 | C37: 1.0734 | D37: 1.0782 | E37: 1.0645 | F37: -0.0036 | G37: =(C37-C38)/C38 -> 0.0046798952 | H37: =(D37-E37)/E37 -> 0.012869892
A38: 40217 | B38: 1.0753 | C38: 1.0684 | D38: 1.0755 | E38: 1.0656 | F38: 0.0064 | G38: =(C38-C39)/C39 -> -0.0060470741 | H38: =(D38-E38)/E38 -> 0.0092905405 | L38: INTERVALS | M38: Bin | N38: Frequency | P38: PROBABILITIES | Q38: CUMMULATIVE PROBABILITIES | S38: Column1
A39: 40218 | B39: 1.0674 | C39: 1.0749 | D39: 1.0777 | E39: 1.0645 | F39: -0.0073 | G39: =(C39-C40)/C40 -> 0.007120772 | H39: =(D39-E39)/E39 -> 0.012400188 | L39: 0.002 | M39: 0.002 | N39: 23 | P39: =N39/$T$52 -> 0.0054424988 | Q39: =P39 -> 0.0054424988
A40: 40219 | B40: 1.0628 | C40: 1.0673 | D40: 1.0709 | E40: 1.0597 | F40: -0.0043 | G40: =(C40-C41)/C41 -> 0.0040451552 | H40: =(D40-E40)/E40 -> 0.010569029 | L40: 0.004 | M40: 0.004 | N40: 574 | P40: =N40/$T$52 -> 0.13582584 | Q40: =P40+Q39 -> 0.14126834 | S40: Mean | T40: 0.0073562846
A41: 40220 | B41: 1.0506 | C41: 1.063 | D41: 1.0635 | E41: 1.048 | F41: -0.0115 | G41: =(C41-C42)/C42 -> 0.011417697 | H41: =(D41-E41)/E41 -> 0.014790076 | L41: 0.006 | M41: 0.006 | N41: 1195 | P41: =N41/$T$52 -> 0.28277331 | Q41: =P41+Q40 -> 0.42404165 | S41: Standard Error | T41: 5.6571582e-05
A42: 40221 | B42: 1.051 | C42: 1.051 | D42: 1.0581 | E42: 1.0488 | F42: 0.0004 | G42: =(C42-C43)/C43 -> -0.00038044512 | H42: =(D42-E42)/E42 -> 0.0088672769 | L42: 0.008 | M42: 0.008 | N42: 977 | P42: =N42/$T$52 -> 0.23118788 | Q42: =P42+Q41 -> 0.65522953 | S42: Median | T42: 0.0065489047
A43: 40224 | B43: 1.0488 | C43: 1.0514 | D43: 1.0535 | E43: 1.0463 | F43: -0.0021 | G43: =(C43-C44)/C44 -> 0.0020968357 | H43: =(D43-E43)/E43 -> 0.0068813916 | L43: 0.01 | M43: 0.01 | N43: 689 | P43: =N43/$T$52 -> 0.16303833 | Q43: =P43+Q42 -> 0.81826787 | S43: Mode | T43: 0.0084307339
A44: 40225 | B44: 1.044 | C44: 1.0492 | D44: 1.0501 | E44: 1.0409 | F44: -0.0046 | G44: =(C44-C45)/C45 -> 0.0052697135 | H44: =(D44-E44)/E44 -> 0.0088385051 | L44: 0.012 | M44: 0.012 | N44: 355 | P44: =N44/$T$52 -> 0.084003786 | Q44: =P44+Q43 -> 0.90227165 | S44: Standard Deviation | T44: 0.003677588
A45: 40226 | B45: 1.0458 | C45: 1.0437 | D45: 1.0472 | E45: 1.0411 | F45: 0.0017 | G45: =(C45-C46)/C46 -> -0.0021034516 | H45: =(D45-E45)/E45 -> 0.0058591874 | L45: 0.014 | M45: 0.014 | N45: 187 | P45: =N45/$T$52 -> 0.044249882 | Q45: =P45+Q44 -> 0.94652153 | S45: Sample Variance | T45: 1.3524653e-05
A46: 40227 | B46: 1.0413 | C46: 1.0459 | D46: 1.05 | E46: 1.0397 | F46: -0.0043 | G46: =(C46-C47)/C47 -> 0.0021078854 | H46: =(D46-E46)/E46 -> 0.0099067039 | L46: 0.016 | M46: 0.016 | N46: 103 | P46: =N46/$T$52 -> 0.024372929 | Q46: =P46+Q45 -> 0.97089446 | S46: Kurtosis | T46: 6.8391831
A47: 40228 | B47: 1.0397 | C47: 1.0437 | D47: 1.0533 | E47: 1.0387 | F47: -0.0015 | G47: =(C47-C48)/C48 -> 0.005007222 | H47: =(D47-E47)/E47 -> 0.014056032 | L47: 0.018 | M47: 0.018 | N47: 56 | P47: =N47/$T$52 -> 0.013251301 | Q47: =P47+Q46 -> 0.98414576 | S47: Skewness | T47: 1.8057314
A48: 40231 | B48: 1.0428 | C48: 1.0385 | D48: 1.0442 | E48: 1.037 | F48: 0.003 | G48: =(C48-C49)/C49 -> -0.0042190047 | H48: =(D48-E48)/E48 -> 0.0069431051 | L48: 0.02 | M48: 0.02 | N48: 27 | P48: =N48/$T$52 -> 0.0063890204 | Q48: =P48+Q47 -> 0.99053478 | S48: Range | T48: 0.044689916
A49: 40232 | B49: 1.0555 | C49: 1.0429 | D49: 1.0581 | E49: 1.0381 | F49: 0.0122 | G49: =(C49-C50)/C50 -> -0.01277925 | H49: =(D49-E49)/E49 -> 0.019265967 | L49: 0.022 | M49: 0.022 | N49: 12 | P49: =N49/$T$52 -> 0.0028395646 | Q49: =P49+Q48 -> 0.99337435 | S49: Minimum | T49: 0.00014571949
A50: 40233 | B50: 1.0543 | C50: 1.0564 | D50: 1.0595 | E50: 1.0511 | F50: -0.0011 | G50: =(C50-C51)/C51 -> 0.0023721416 | H50: =(D50-E50)/E50 -> 0.0079916278 | L50: 0.024 | M50: 0.024 | N50: 12 | P50: =N50/$T$52 -> 0.0028395646 | Q50: =P50+Q49 -> 0.99621391 | S50: Maximum | T50: 0.044835635
A51: 40234 | B51: 1.0601 | C51: 1.0539 | D51: 1.0681 | E51: 1.0514 | F51: 0.0055 | G51: =(C51-C52)/C52 -> -0.0055670881 | H51: =(D51-E51)/E51 -> 0.015883584 | L51: 0.026 | M51: 0.026 | N51: 7 | P51: =N51/$T$52 -> 0.0016564127 | Q51: =P51+Q50 -> 0.99787033 | S51: Sum | T51: 31.087659
A52: 40235 | B52: 1.0528 | C52: 1.0598 | D52: 1.0619 | E52: 1.0512 | F52: -0.0069 | G52: =(C52-C53)/C53 -> 0.005312085 | H52: =(D52-E52)/E52 -> 0.010178843 | L52: 0.028 | M52: 0.028 | N52: 2 | P52: =N52/$T$52 -> 0.00047326077 | Q52: =P52+Q51 -> 0.99834359 | S52: Count | T52: 4226
A53: 40238 | B53: 1.0418 | C53: 1.0542 | D53: 1.0575 | E53: 1.041 | F53: -0.0104 | G53: =(C53-C54)/C54 -> 0.011902476 | H53: =(D53-E53)/E53 -> 0.015850144 | L53: 0.03 | M53: 0.03 | N53: 3 | P53: =N53/$T$52 -> 0.00070989115 | Q53: =P53+Q52 -> 0.99905348
A54: 40239 | B54: 1.036 | C54: 1.0418 | D54: 1.0444 | E54: 1.0309 | F54: -0.0056 | G54: =(C54-C55)/C55 -> 0.0055984556 | H54: =(D54-E54)/E54 -> 0.013095354 | L54: 0.032 | M54: 0.032 | N54: 2 | P54: =N54/$T$52 -> 0.00047326077 | Q54: =P54+Q53 -> 0.99952674
A55: 40240 | B55: 1.0311 | C55: 1.036 | D55: 1.0368 | E55: 1.0273 | F55: -0.0047 | G55: =(C55-C56)/C56 -> 0.003875969 | H55: =(D55-E55)/E55 -> 0.0092475421 | L55: 0.034 | M55: 0.034 | N55: 0 | P55: =N55/$T$52 -> 0 | Q55: =P55+Q54 -> 0.99952674
A56: 40241 | B56: 1.0311 | C56: 1.032 | D56: 1.0341 | E56: 1.027 | F56: 0 | G56: =(C56-C57)/C57 -> 0.0010670288 | H56: =(D56-E56)/E56 -> 0.0069133398 | L56: 0.036 | M56: 0.036 | N56: 1 | P56: =N56/$T$52 -> 0.00023663038 | Q56: =P56+Q55 -> 0.99976337
A57: 40242 | B57: 1.0299 | C57: 1.0309 | D57: 1.0333 | E57: 1.026 | F57: -0.0012 | G57: =(C57-C58)/C58 -> 0.0019438235 | H57: =(D57-E57)/E57 -> 0.0071150097 | L57: 0.038 | M57: 0.038 | N57: 0 | P57: =N57/$T$52 -> 0 | Q57: =P57+Q56 -> 0.99976337
A58: 40245 | B58: 1.0277 | C58: 1.0289 | D58: 1.0295 | E58: 1.0251 | F58: -0.0021 | G58: =(C58-C59)/C59 -> 0.0010702471 | H58: =(D58-E58)/E58 -> 0.0042922642 | L58: 0.04 | M58: 0.04 | N58: 0 | P58: =N58/$T$52 -> 0 | Q58: =P58+Q57 -> 0.99976337
A59: 40246 | B59: 1.0261 | C59: 1.0278 | D59: 1.0322 | E59: 1.0235 | F59: -0.0016 | G59: =(C59-C60)/C60 -> 0.0014615609 | H59: =(D59-E59)/E59 -> 0.0085002443 | M59: More | N59: 1 | P59: =N59/$T$52 -> 0.00023663038 | Q59: =P59+Q58 -> 1
A60: 40247 | B60: 1.0256 | C60: 1.0263 | D60: 1.0293 | E60: 1.0217 | F60: -0.0005 | G60: =(C60-C61)/C61 -> 0.0006825273 | H60: =(D60-E60)/E60 -> 0.0074385828
A61: 40248 | B61: 1.0241 | C61: 1.0256 | D61: 1.0323 | E61: 1.0229 | F61: -0.0015 | G61: =(C61-C62)/C62 -> 0.0011714174 | H61: =(D61-E61)/E61 -> 0.0091895591
A62: 40249 | B62: 1.0184 | C62: 1.0244 | D62: 1.0254 | E62: 1.0155 | F62: -0.0056 | G62: =(C62-C63)/C63 -> 0.0065834725 | H62: =(D62-E62)/E62 -> 0.0097488922
A63: 40252 | B63: 1.0187 | C63: 1.0177 | D63: 1.0234 | E63: 1.0164 | F63: 0.0003 | G63: =(C63-C64)/C64 -> -0.0016676476 | H63: =(D63-E63)/E63 -> 0.0068870523
A64: 40253 | B64: 1.0135 | C64: 1.0194 | D64: 1.0204 | E64: 1.0135 | F64: -0.0051 | G64: =(C64-C65)/C65 -> 0.0055237719 | H64: =(D64-E64)/E64 -> 0.0068080908
A65: 40254 | B65: 1.0092 | C65: 1.0138 | D65: 1.0149 | E65: 1.007 | F65: -0.0042 | G65: =(C65-C66)/C66 -> 0.0034643175 | H65: =(D65-E65)/E65 -> 0.0078450844
A66: 40255 | B66: 1.0146 | C66: 1.0103 | D66: 1.0151 | E66: 1.0089 | F66: 0.0054 | G66: =(C66-C67)/C67 -> -0.0039436064 | H66: =(D66-E66)/E66 -> 0.0061453068
A67: 40256 | B67: 1.0172 | C67: 1.0143 | D67: 1.019 | E67: 1.0061 | F67: 0.0026 | G67: =(C67-C68)/C68 -> -0.0016732283 | H67: =(D67-E67)/E67 -> 0.012821787
A68: 40259 | B68: 1.0178 | C68: 1.016 | D68: 1.0245 | E68: 1.0147 | F68: 0.0006 | G68: =(C68-C69)/C69 -> -0.0024545901 | H68: =(D68-E68)/E68 -> 0.009658027
A69: 40260 | B69: 1.0158 | C69: 1.0185 | D69: 1.0231 | E69: 1.0151 | F69: -0.002 | G69: =(C69-C70)/C70 -> 0.0020661157 | H69: =(D69-E69)/E69 -> 0.0078809969
A70: 40261 | B70: 1.0262 | C70: 1.0164 | D70: 1.0284 | E70: 1.0157 | F70: 0.0102 | G70: =(C70-C71)/C71 -> -0.0093567251 | H70: =(D70-E70)/E70 -> 0.012503692
A71: 40262 | B71: 1.0245 | C71: 1.026 | D71: 1.0264 | E71: 1.017 | F71: -0.0017 | G71: =(C71-C72)/C72 -> 0.0017574692 | H71: =(D71-E71)/E71 -> 0.0092428712
... A4236: 46093 | B4236: 1.3642 | C4236: 1.3594 | D4236: 1.3644 | E4236: 1.3576 | F4236: 0.0035 | G4236: =(C4236-C4237)/C4237 -> -0.0034454952 | H4236: =(D4236-E4236)/E4236 -> 0.0050088391
A4237: 46094 | B4237: 1.3718 | C4237: 1.3641 | D4237: 1.3742 | E4237: 1.3621 | F4237: 0.0056 | H4237: =(D4237-E4237)/E4237 -> 0.0088833419

Sheet  USDCHF
I1: op to op | J1: average return | K1: =SUBTOTAL(1,G12:G4236) -> 8.444703e-05 | M1: ave pos ret | N1: 0.0042576843 | P1: positive count | Q1: 2042 | R1: =Q1/$T$25 -> 0.48331361 | T1: adj pos ret | U1: =N1*R1 -> 0.0020577968 | W1: std dev | X1: 1 | Y1: 2 | Z1: 3 | AB1: std dev 2 | AC1: actual | AD1: actual % | AE1: normal | AF1: normal%
J2: count | K2: =SUBTOTAL(2,G12:G4236) -> 4225 | M2: ave neg ret | N2: -0.0039124367 | P2: neg count | Q2: 2131 | R2: =Q2/$T$25 -> 0.5043787 | T2: adj neg ret | U2: =N2*R2 -> -0.0019733497 | W2: upper | X2: =T13+(1*T17) -> 0.0063848871 | Y2: =T13+(2*T17) -> 0.012685327 | Z2: =T13+(3*T17) -> 0.018985767 | AB2: 1 | AC2: 3385 | AD2: =AC2/$T$25 -> 0.80118343 | AE2: =AF2*$T$25 -> 2881.45 | AF2: 0.682
P3: 0 count | Q3: =T25-Q1-Q2 -> 52 | R3: =Q3/$T$25 -> 0.012307692 | W3: lower | X3: =T13-(1*T17) -> -0.006215993 | Y3: =T13-(2*T17) -> -0.012516433 | Z3: =T13-(3*T17) -> -0.018816873 | AB3: 2 | AC3: 4090 | AD3: =AC3/$T$25 -> 0.96804734 | AE3: =AF3*$T$25 -> 4030.65 | AF3: 0.954
AB4: 3 | AC4: 4203 | AD4: =AC4/$T$25 -> 0.9947929 | AE4: =AF4*$T$25 -> 4216.55 | AF4: 0.998
A11: Date | B11: Price | C11: Open | D11: High | E11: Low | F11: Change % | G11: OPEN TO OPEN | H11: HIGH TO LOW | L11: INTERVALS | M11: Bin | N11: Frequency | O11: TEXT LABELS | P11: PROBABILITIES | Q11: CUMULATIVE PROBABILITIES | S11: Column1
A12: 40179 | B12: 1.0341 | C12: 1.035 | D12: 1.0353 | E12: 1.0347 | F12: -0.0014 | G12: =(C12-C13)/C13 -> -9.6609023e-05 | H12: =(D12-E12)/E12 -> 0.00057987823 | L12: -0.03 | M12: -0.03 | N12: 2 | O12: =TEXT(L12,"0.00%")&" TO "&TEXT(L13,"0.00%") -> -3.00% TO -2.70% | P12: =N12/$T$25 -> 0.00047337278 | Q12: =P12 -> 0.00047337278
A13: 40182 | B13: 1.0297 | C13: 1.0351 | D13: 1.0423 | E13: 1.0263 | F13: -0.0043 | G13: =(C13-C14)/C14 -> 0.0048538977 | H13: =(D13-E13)/E13 -> 0.015589983 | L13: -0.027 | M13: -0.027 | N13: 1 | O13: =TEXT(L13,"0.00%")&" TO "&TEXT(L14,"0.00%") -> -2.70% TO -2.40% | P13: =N13/$T$25 -> 0.00023668639 | Q13: =P13+Q12 -> 0.00071005917 | S13: Mean | T13: 8.444703e-05
A14: 40183 | B14: 1.0335 | C14: 1.0301 | D14: 1.0364 | E14: 1.0252 | F14: 0.0037 | G14: =(C14-C15)/C15 -> -0.0034826352 | H14: =(D14-E14)/E14 -> 0.010924698 | L14: -0.024 | M14: -0.024 | N14: 1 | O14: =TEXT(L14,"0.00%")&" TO "&TEXT(L15,"0.00%") -> -2.40% TO -2.10% | P14: =N14/$T$25 -> 0.00023668639 | Q14: =P14+Q13 -> 0.00094674556 | S14: Standard Error | T14: 9.6929846e-05
A15: 40184 | B15: 1.0275 | C15: 1.0337 | D15: 1.0383 | E15: 1.0248 | F15: -0.0058 | G15: =(C15-C16)/C16 -> 0.0059361619 | H15: =(D15-E15)/E15 -> 0.013173302 | L15: -0.021 | M15: -0.021 | N15: 1 | O15: =TEXT(L15,"0.00%")&" TO "&TEXT(L16,"0.00%") -> -2.10% TO -1.80% | P15: =N15/$T$25 -> 0.00023668639 | Q15: =P15+Q14 -> 0.001183432 | S15: Median | T15: -0.00010341262
A16: 40185 | B16: 1.0334 | C16: 1.0276 | D16: 1.0374 | E16: 1.0242 | F16: 0.0057 | G16: =(C16-C17)/C17 -> -0.0054200542 | H16: =(D16-E16)/E16 -> 0.012888108 | L16: -0.018 | M16: -0.018 | N16: 4 | O16: =TEXT(L16,"0.00%")&" TO "&TEXT(L17,"0.00%") -> -1.80% TO -1.50% | P16: =N16/$T$25 -> 0.00094674556 | Q16: =P16+Q15 -> 0.0021301775 | S16: Mode | T16: 0
A17: 40186 | B17: 1.0233 | C17: 1.0332 | D17: 1.0388 | E17: 1.0215 | F17: -0.0098 | G17: =(C17-C18)/C18 -> 0.010859994 | H17: =(D17-E17)/E17 -> 0.016935879 | L17: -0.015 | M17: -0.015 | N17: 14 | O17: =TEXT(L17,"0.00%")&" TO "&TEXT(L18,"0.00%") -> -1.50% TO -1.20% | P17: =N17/$T$25 -> 0.0033136095 | Q17: =P17+Q16 -> 0.005443787 | S17: Standard Deviation | T17: 0.00630044
A18: 40189 | B18: 1.0162 | C18: 1.0221 | D18: 1.0246 | E18: 1.013 | F18: -0.0069 | G18: =(C18-C19)/C19 -> 0.006003937 | H18: =(D18-E18)/E18 -> 0.011451135 | L18: -0.012 | M18: -0.012 | N18: 51 | O18: =TEXT(L18,"0.00%")&" TO "&TEXT(L19,"0.00%") -> -1.20% TO -0.90% | P18: =N18/$T$25 -> 0.012071006 | Q18: =P18+Q17 -> 0.017514793 | S18: Sample Variance | T18: 3.9695544e-05
A19: 40190 | B19: 1.0175 | C19: 1.016 | D19: 1.0213 | E19: 1.0143 | F19: 0.0013 | G19: =(C19-C20)/C20 -> -0.0024545901 | H19: =(D19-E19)/E19 -> 0.0069013112 | L19: -0.009 | M19: -0.009 | N19: 114 | O19: =TEXT(L19,"0.00%")&" TO "&TEXT(L20,"0.00%") -> -0.90% TO -0.60% | P19: =N19/$T$25 -> 0.026982249 | Q19: =P19+Q18 -> 0.044497041 | S19: Kurtosis | T19: 195.05521
A20: 40191 | B20: 1.0179 | C20: 1.0185 | D20: 1.0223 | E20: 1.0137 | F20: 0.0004 | G20: =(C20-C21)/C21 -> 0.00039288871 | H20: =(D20-E20)/E20 -> 0.0084837723 | L20: -0.006 | M20: -0.006 | N20: 247 | O20: =TEXT(L20,"0.00%")&" TO "&TEXT(L21,"0.00%") -> -0.60% TO -0.30% | P20: =N20/$T$25 -> 0.058461538 | Q20: =P20+Q19 -> 0.10295858 | S20: Skewness | T20: 5.7704515
A21: 40192 | B21: 1.018 | C21: 1.0181 | D21: 1.0236 | E21: 1.0158 | F21: 0.0001 | G21: =(C21-C22)/C22 -> -0.00039273441 | H21: =(D21-E21)/E21 -> 0.0076786769 | L21: -0.003 | M21: -0.003 | N21: 601 | O21: =TEXT(L21,"0.00%")&" TO "&TEXT(L22,"0.00%") -> -0.30% TO 0.00% | P21: =N21/$T$25 -> 0.14224852 | Q21: =P21+Q20 -> 0.2452071 | S21: Range | T21: 0.27457594
A22: 40193 | B22: 1.0263 | C22: 1.0185 | D22: 1.0292 | E22: 1.0176 | F22: 0.0082 | G22: =(C22-C23)/C23 -> -0.0094339623 | H22: =(D22-E22)/E22 -> 0.011399371 | L22: 0 | M22: 0 | N22: 1147 | O22: =TEXT(L22,"0.00%")&" TO "&TEXT(L23,"0.00%") -> 0.00% TO 0.30% | P22: =N22/$T$25 -> 0.27147929 | Q22: =P22+Q21 -> 0.51668639 | S22: Minimum | T22: -0.08722886
A23: 40196 | B23: 1.0246 | C23: 1.0282 | D23: 1.0296 | E23: 1.0233 | F23: -0.0017 | G23: =(C23-C24)/C24 -> 0.0032198263 | H23: =(D23-E23)/E23 -> 0.0061565523 | L23: 0.003 | M23: 0.003 | N23: 993 | O23: =TEXT(L23,"0.00%")&" TO "&TEXT(L24,"0.00%") -> 0.30% TO 0.60% | P23: =N23/$T$25 -> 0.23502959 | Q23: =P23+Q22 -> 0.75171598 | S23: Maximum | T23: 0.18734708
A24: 40197 | B24: 1.0318 | C24: 1.0249 | D24: 1.036 | E24: 1.0228 | F24: 0.007 | G24: =(C24-C25)/C25 -> -0.0069760682 | H24: =(D24-E24)/E24 -> 0.012905749 | L24: 0.006 | M24: 0.006 | N24: 571 | O24: =TEXT(L24,"0.00%")&" TO "&TEXT(L25,"0.00%") -> 0.60% TO 0.90% | P24: =N24/$T$25 -> 0.13514793 | Q24: =P24+Q23 -> 0.88686391 | S24: Sum | T24: 0.3567887
A25: 40198 | B25: 1.0438 | C25: 1.0321 | D25: 1.0465 | E25: 1.0313 | F25: 0.0116 | G25: =(C25-C26)/C26 -> -0.011587818 | H25: =(D25-E25)/E25 -> 0.014738679 | L25: 0.009 | M25: 0.009 | N25: 289 | O25: =TEXT(L25,"0.00%")&" TO "&TEXT(L26,"0.00%") -> 0.90% TO 1.20% | P25: =N25/$T$25 -> 0.068402367 | Q25: =P25+Q24 -> 0.95526627 | S25: Count | T25: 4225
A26: 40199 | B26: 1.0423 | C26: 1.0442 | D26: 1.0499 | E26: 1.0403 | F26: -0.0014 | G26: =(C26-C27)/C27 -> 0.0016306954 | H26: =(D26-E26)/E26 -> 0.0092281073 | L26: 0.012 | M26: 0.012 | N26: 104 | O26: =TEXT(L26,"0.00%")&" TO "&TEXT(L27,"0.00%") -> 1.20% TO 1.50% | P26: =N26/$T$25 -> 0.024615385 | Q26: =P26+Q25 -> 0.97988166
A27: 40200 | B27: 1.0413 | C27: 1.0425 | D27: 1.0448 | E27: 1.0373 | F27: -0.001 | G27: =(C27-C28)/C28 -> 0.0027895344 | H27: =(D27-E27)/E27 -> 0.0072303095 | L27: 0.015 | M27: 0.015 | N27: 46 | O27: =TEXT(L27,"0.00%")&" TO "&TEXT(L28,"0.00%") -> 1.50% TO 1.80% | P27: =N27/$T$25 -> 0.010887574 | Q27: =P27+Q26 -> 0.99076923
A28: 40203 | B28: 1.0394 | C28: 1.0396 | D28: 1.043 | E28: 1.0365 | F28: -0.0018 | G28: =(C28-C29)/C29 -> -0.00028848928 | H28: =(D28-E28)/E28 -> 0.0062711047 | L28: 0.018 | M28: 0.018 | N28: 20 | O28: =TEXT(L28,"0.00%")&" TO "&TEXT(L29,"0.00%") -> 1.80% TO 2.10% | P28: =N28/$T$25 -> 0.0047337278 | Q28: =P28+Q27 -> 0.99550296
A29: 40204 | B29: 1.0461 | C29: 1.0399 | D29: 1.0495 | E29: 1.0377 | F29: 0.0064 | G29: =(C29-C30)/C30 -> -0.0060217932 | H29: =(D29-E29)/E29 -> 0.011371302 | L29: 0.021 | M29: 0.021 | N29: 7 | O29: =TEXT(L29,"0.00%")&" TO "&TEXT(L30,"0.00%") -> 2.10% TO 2.40% | P29: =N29/$T$25 -> 0.0016568047 | Q29: =P29+Q28 -> 0.99715976
A30: 40205 | B30: 1.0501 | C30: 1.0462 | D30: 1.0528 | E30: 1.0446 | F30: 0.0038 | G30: =(C30-C31)/C31 -> -0.003713932 | H30: =(D30-E30)/E30 -> 0.0078498947 | L30: 0.024 | M30: 0.024 | N30: 2 | O30: =TEXT(L30,"0.00%")&" TO "&TEXT(L31,"0.00%") -> 2.40% TO 2.70% | P30: =N30/$T$25 -> 0.00047337278 | Q30: =P30+Q29 -> 0.99763314
A31: 40206 | B31: 1.0524 | C31: 1.0501 | D31: 1.0558 | E31: 1.0476 | F31: 0.0022 | G31: =(C31-C32)/C32 -> -0.00190096 | H31: =(D31-E31)/E31 -> 0.007827415 | L31: 0.027 | M31: 0.027 | N31: 5 | O31: =TEXT(L31,"0.00%")&" TO "&TEXT(L32,"0.00%") -> 2.70% TO 3.00% | P31: =N31/$T$25 -> 0.001183432 | Q31: =P31+Q30 -> 0.99881657
A32: 40207 | B32: 1.0604 | C32: 1.0521 | D32: 1.0645 | E32: 1.0481 | F32: 0.0076 | G32: =(C32-C33)/C33 -> -0.0080143315 | H32: =(D32-E32)/E32 -> 0.015647362 | L32: 0.03 | M32: 0.03 | N32: 2 | P32: =N32/$T$25 -> 0.00047337278 | Q32: =P32+Q31 -> 0.99928994
A33: 40210 | B33: 1.0556 | C33: 1.0606 | D33: 1.0629 | E33: 1.0551 | F33: -0.0045 | G33: =(C33-C34)/C34 -> 0.0043560606 | H33: =(D33-E33)/E33 -> 0.0073926642 | M33: More | N33: 3 | P33: =N33/$T$25 -> 0.00071005917 | Q33: =P33+Q32 -> 1
A34: 40211 | B34: 1.055 | C34: 1.056 | D34: 1.0612 | E34: 1.054 | F34: -0.0006 | G34: =(C34-C35)/C35 -> 0.0009478673 | H34: =(D34-E34)/E34 -> 0.0068311195
A35: 40212 | B35: 1.059 | C35: 1.055 | D35: 1.0604 | E35: 1.0495 | F35: 0.0038 | G35: =(C35-C36)/C36 -> -0.0038712114 | H35: =(D35-E35)/E35 -> 0.010385898
A36: 40213 | B36: 1.0663 | C36: 1.0591 | D36: 1.0678 | E36: 1.0576 | F36: 0.0069 | G36: =(C36-C37)/C37 -> -0.0065659882 | H36: =(D36-E36)/E36 -> 0.0096444781
A37: 40214 | B37: 1.0731 | C37: 1.0661 | D37: 1.0798 | E37: 1.0644 | F37: 0.0064 | G37: =(C37-C38)/C38 -> -0.006060041 | H37: =(D37-E37)/E37 -> 0.014468245
A38: 40217 | B38: 1.073 | C38: 1.0726 | D38: 1.0777 | E38: 1.0683 | F38: -0.0001 | G38: =(C38-C39)/C39 -> -0.00037278658 | H38: =(D38-E38)/E38 -> 0.0087990265
A39: 40218 | B39: 1.0641 | C39: 1.073 | D39: 1.075 | E39: 1.0607 | F39: -0.0083 | G39: =(C39-C40)/C40 -> 0.0078902874 | H39: =(D39-E39)/E39 -> 0.013481663
A40: 40219 | B40: 1.0681 | C40: 1.0646 | D40: 1.0724 | E40: 1.0617 | F40: 0.0038 | G40: =(C40-C41)/C41 -> -0.0032768467 | H40: =(D40-E40)/E40 -> 0.010078177 | L40: INTERVALS | M40: Bin | N40: Frequency | P40: PROBABILITIES | Q40: CUMULATIVE PROBABILITIES | S40: Column1
A41: 40220 | B41: 1.0706 | C41: 1.0681 | D41: 1.0787 | E41: 1.0625 | F41: 0.0023 | G41: =(C41-C42)/C42 -> -0.0026146232 | H41: =(D41-E41)/E41 -> 0.015247059 | L41: 0.002 | M41: 0.002 | N41: 15 | P41: =N41/$T$54 -> 0.0035494558 | Q41: =P41 -> 0.0035494558
A42: 40221 | B42: 1.0763 | C42: 1.0709 | D42: 1.0834 | E42: 1.0696 | F42: 0.0053 | G42: =(C42-C43)/C43 -> -0.0056638812 | H42: =(D42-E42)/E42 -> 0.012902019 | L42: 0.004 | M42: 0.004 | N42: 313 | P42: =N42/$T$54 -> 0.07406531 | Q42: =P42+Q41 -> 0.077614766 | S42: Mean | T42: 0.0085636089
A43: 40224 | B43: 1.0774 | C43: 1.077 | D43: 1.0809 | E43: 1.0753 | F43: 0.001 | G43: =(C43-C44)/C44 -> -0.00027847396 | H43: =(D43-E43)/E43 -> 0.005207849 | L43: 0.006 | M43: 0.006 | N43: 1025 | P43: =N43/$T$54 -> 0.24254614 | Q43: =P43+Q42 -> 0.32016091 | S43: Standard Error | T43: 0.00011531964
A44: 40225 | B44: 1.0661 | C44: 1.0773 | D44: 1.0793 | E44: 1.0652 | F44: -0.0105 | G44: =(C44-C45)/C45 -> 0.010221305 | H44: =(D44-E44)/E44 -> 0.013236951 | L44: 0.008 | M44: 0.008 | N44: 1044 | P44: =N44/$T$54 -> 0.24704212 | Q44: =P44+Q43 -> 0.56720303 | S44: Median | T44: 0.0074085736
A45: 40226 | B45: 1.0782 | C45: 1.0664 | D45: 1.0802 | E45: 1.0646 | F45: 0.0113 | G45: =(C45-C46)/C46 -> -0.011127596 | H45: =(D45-E45)/E45 -> 0.014653391 | L45: 0.01 | M45: 0.01 | N45: 714 | P45: =N45/$T$54 -> 0.16895409 | Q45: =P45+Q44 -> 0.73615712 | S45: Mode | T45: 0.0073452256
A46: 40227 | B46: 1.0771 | C46: 1.0784 | D46: 1.0831 | E46: 1.0748 | F46: -0.001 | G46: =(C46-C47)/C47 -> -0.0015739283 | H46: =(D46-E46)/E46 -> 0.007722367 | L46: 0.012 | M46: 0.012 | N46: 441 | P46: =N46/$T$54 -> 0.104354 | Q46: =P46+Q45 -> 0.84051112 | S46: Standard Deviation | T46: 0.0074966635
A47: 40228 | B47: 1.0755 | C47: 1.0801 | D47: 1.0903 | E47: 1.075 | F47: -0.0015 | G47: =(C47-C48)/C48 -> 0.0051181835 | H47: =(D47-E47)/E47 -> 0.014232558 | L47: 0.014 | M47: 0.014 | N47: 265 | P47: =N47/$T$54 -> 0.062707052 | Q47: =P47+Q46 -> 0.90321817 | S47: Sample Variance | T47: 5.6199963e-05
A48: 40231 | B48: 1.0759 | C48: 1.0746 | D48: 1.0791 | E48: 1.0735 | F48: 0.0004 | G48: =(C48-C49)/C49 -> -0.0013939225 | H48: =(D48-E48)/E48 -> 0.0052165813 | L48: 0.016 | M48: 0.016 | N48: 160 | P48: =N48/$T$54 -> 0.037860861 | Q48: =P48+Q47 -> 0.94107903 | S48: Kurtosis | T48: 1513.7913
A49: 40232 | B49: 1.0836 | C49: 1.0761 | D49: 1.0853 | E49: 1.0713 | F49: 0.0072 | G49: =(C49-C50)/C50 -> -0.0071046319 | H49: =(D49-E49)/E49 -> 0.013068235 | L49: 0.018 | M49: 0.018 | N49: 96 | P49: =N49/$T$54 -> 0.022716517 | Q49: =P49+Q48 -> 0.96379555 | S49: Skewness | T49: 31.044773
A50: 40233 | B50: 1.0811 | C50: 1.0838 | D50: 1.0846 | E50: 1.0737 | F50: -0.0023 | G50: =(C50-C51)/C51 -> 0.0027757217 | H50: =(D50-E50)/E50 -> 0.010151811 | L50: 0.02 | M50: 0.02 | N50: 61 | P50: =N50/$T$54 -> 0.014434453 | Q50: =P50+Q49 -> 0.97823 | S50: Range | T50: 0.38509485
A51: 40234 | B51: 1.0793 | C51: 1.0808 | D51: 1.0884 | E51: 1.0784 | F51: -0.0017 | G51: =(C51-C52)/C52 -> 0.00074074074 | H51: =(D51-E51)/E51 -> 0.009272997 | L51: 0.022 | M51: 0.022 | N51: 28 | P51: =N51/$T$54 -> 0.0066256507 | Q51: =P51+Q50 -> 0.98485566 | S51: Minimum | T51: 0
A52: 40235 | B52: 1.0734 | C52: 1.08 | D52: 1.082 | E52: 1.0694 | F52: -0.0055 | G52: =(C52-C53)/C53 -> 0.0064299692 | H52: =(D52-E52)/E52 -> 0.011782308 | L52: 0.024 | M52: 0.024 | N52: 23 | P52: =N52/$T$54 -> 0.0054424988 | Q52: =P52+Q51 -> 0.99029815 | S52: Maximum | T52: 0.38509485
A53: 40238 | B53: 1.0791 | C53: 1.0731 | D53: 1.0874 | E53: 1.0719 | F53: 0.0053 | G53: =(C53-C54)/C54 -> -0.0059286707 | H53: =(D53-E53)/E53 -> 0.014460304 | L53: 0.026 | M53: 0.026 | N53: 8 | P53: =N53/$T$54 -> 0.0018930431 | Q53: =P53+Q52 -> 0.9921912 | S53: Sum | T53: 36.189811
A54: 40239 | B54: 1.0754 | C54: 1.0795 | D54: 1.089 | E54: 1.0745 | F54: -0.0034 | G54: =(C54-C55)/C55 -> 0.0040926425 | H54: =(D54-E54)/E54 -> 0.013494649 | L54: 0.028 | M54: 0.028 | N54: 8 | P54: =N54/$T$54 -> 0.0018930431 | Q54: =P54+Q53 -> 0.99408424 | S54: Count | T54: 4226
A55: 40240 | B55: 1.0671 | C55: 1.0751 | D55: 1.0767 | E55: 1.0646 | F55: -0.0077 | G55: =(C55-C56)/C56 -> 0.0064594645 | H55: =(D55-E55)/E55 -> 0.011365771 | L55: 0.03 | M55: 0.03 | N55: 4 | P55: =N55/$T$54 -> 0.00094652153 | Q55: =P55+Q54 -> 0.99503076
A56: 40241 | B56: 1.0767 | C56: 1.0682 | D56: 1.0799 | E56: 1.0666 | F56: 0.009 | G56: =(C56-C57)/C57 -> -0.0078944924 | H56: =(D56-E56)/E56 -> 0.012469529 | L56: 0.032 | M56: 0.032 | N56: 4 | P56: =N56/$T$54 -> 0.00094652153 | Q56: =P56+Q55 -> 0.99597728
A57: 40242 | B57: 1.0742 | C57: 1.0767 | D57: 1.0814 | E57: 1.0733 | F57: -0.0023 | G57: =(C57-C58)/C58 -> 0.0028874814 | H57: =(D57-E57)/E57 -> 0.0075468182 | L57: 0.034 | M57: 0.034 | N57: 8 | P57: =N57/$T$54 -> 0.0018930431 | Q57: =P57+Q56 -> 0.99787033
A58: 40245 | B58: 1.0734 | C58: 1.0736 | D58: 1.0752 | E58: 1.0674 | F58: -0.0007 | G58: =(C58-C59)/C59 -> 0.00027951179 | H58: =(D58-E58)/E58 -> 0.0073074761 | L58: 0.036 | M58: 0.036 | N58: 0 | P58: =N58/$T$54 -> 0 | Q58: =P58+Q57 -> 0.99787033
A59: 40246 | B59: 1.0751 | C59: 1.0733 | D59: 1.081 | E59: 1.0725 | F59: 0.0016 | G59: =(C59-C60)/C60 -> -0.0017671131 | H59: =(D59-E59)/E59 -> 0.0079254079 | L59: 0.038 | M59: 0.038 | N59: 1 | P59: =N59/$T$54 -> 0.00023663038 | Q59: =P59+Q58 -> 0.99810696
A60: 40247 | B60: 1.0698 | C60: 1.0752 | D60: 1.0798 | E60: 1.0684 | F60: -0.0049 | G60: =(C60-C61)/C61 -> 0.0045781557 | H60: =(D60-E60)/E60 -> 0.010670161 | L60: 0.04 | M60: 0.04 | N60: 1 | P60: =N60/$T$54 -> 0.00023663038 | Q60: =P60+Q59 -> 0.99834359
A61: 40248 | B61: 1.0684 | C61: 1.0703 | D61: 1.0735 | E61: 1.0678 | F61: -0.0013 | G61: =(C61-C62)/C62 -> 0.0015908666 | H61: =(D61-E61)/E61 -> 0.0053380783 | M61: More | N61: 7 | P61: =N61/$T$54 -> 0.0016564127 | Q61: =P61+Q60 -> 1
A62: 40249 | B62: 1.0581 | C62: 1.0686 | D62: 1.0702 | E62: 1.0576 | F62: -0.0096 | G62: =(C62-C63)/C63 -> 0.010400908 | H62: =(D62-E62)/E62 -> 0.011913767
A63: 40252 | B63: 1.0618 | C63: 1.0576 | D63: 1.0644 | E63: 1.0574 | F63: 0.0035 | G63: =(C63-C64)/C64 -> -0.0044243622 | H63: =(D63-E63)/E63 -> 0.0066200113
A64: 40253 | B64: 1.0544 | C64: 1.0623 | D64: 1.0629 | E64: 1.0532 | F64: -0.007 | G64: =(C64-C65)/C65 -> 0.0072058405 | H64: =(D64-E64)/E64 -> 0.0092100266
A65: 40254 | B65: 1.0538 | C65: 1.0547 | D65: 1.0571 | E65: 1.0505 | F65: -0.0006 | G65: =(C65-C66)/C66 -> 0.0010440395 | H65: =(D65-E65)/E65 -> 0.0062827225
A66: 40255 | B66: 1.058 | C66: 1.0536 | D66: 1.0648 | E66: 1.0522 | F66: 0.004 | G66: =(C66-C67)/C67 -> -0.0043470043 | H66: =(D66-E66)/E66 -> 0.01197491
A67: 40256 | B67: 1.0609 | C67: 1.0582 | D67: 1.0638 | E67: 1.0539 | F67: 0.0027 | G67: =(C67-C68)/C68 -> -0.0026390198 | H67: =(D67-E67)/E67 -> 0.0093936806
A68: 40259 | B68: 1.0579 | C68: 1.061 | D68: 1.0663 | E68: 1.0561 | F68: -0.0028 | G68: =(C68-C69)/C69 -> 0.0028355388 | H68: =(D68-E68)/E68 -> 0.0096581763
A69: 40260 | B69: 1.0567 | C69: 1.058 | D69: 1.0641 | E69: 1.0545 | F69: -0.0011 | G69: =(C69-C70)/C70 -> 0.0002836343 | H69: =(D69-E69)/E69 -> 0.0091038407
A70: 40261 | B70: 1.0731 | C70: 1.0577 | D70: 1.0743 | E70: 1.0558 | F70: 0.0155 | G70: =(C70-C71)/C71 -> -0.014075317 | H70: =(D70-E70)/E70 -> 0.017522258
A71: 40262 | B71: 1.0737 | C71: 1.0728 | D71: 1.0753 | E71: 1.0672 | F71: 0.0006 | G71: =(C71-C72)/C72 -> -0.0010243039 | H71: =(D71-E71)/E71 -> 0.007589955
A72: 40263 | B72: 1.0648 | C72: 1.0739 | D72: 1.0749 | E72: 1.0636 | F72: -0.0083 | G72: =(C72-C73)/C73 -> 0.014357231 | H72: =(D72-E72)/E72 -> 0.010624295
A73: 40266 | B73: 1.0623 | C73: 1.0587 | D73: 1.0695 | E73: 1.0588 | F73: -0.0023 | G73: =(C73-C74)/C74 -> -0.0037639974 | H73: =(D73-E73)/E73 -> 0.01010578
... A4236: 46093 | B4236: 0.7861 | C4236: 0.7801 | D4236: 0.7865 | E4236: 0.7794 | F4236: 0.007 | G4236: =(C4236-C4237)/C4237 -> -0.0080111902 | H4236: =(D4236-E4236)/E4236 -> 0.0091095715
A4237: 46094 | B4237: 0.7914 | C4237: 0.7864 | D4237: 0.7918 | E4237: 0.7847 | F4237: 0.0067 | H4237: =(D4237-E4237)/E4237 -> 0.0090480438

Sheet EURJPY
I1: open to open | J1: average ret | K1: =SUBTOTAL(1,G12:G4236) -> -5.1748547e-05 | M1: av post ret | N1: 0.0047941078 | P1: POS COUNT | Q1: 2028 | R1: =Q1/$T$25 -> 0.48 | S1: ADJ POS RET | T1: =N1*R1 -> 0.0023011718 | V1: STD DEV | W1: 1 | X1: 2 | Y1: 3 | AB1: STD DEV 2 | AC1: ACTUAL | AD1: ACTUAL % | AE1: NORMAL | AF1: NORMAL %
J2: counts | K2: =SUBTOTAL(2,G12:G4236) -> 4225 | M2: av neg ret | N2: -0.0045769283 | P2: NEG COUNT | Q2: 2172 | R2: =Q2/$T$25 -> 0.51408284 | S2: ADJ NEG RET | T2: =N2*R2 -> -0.0023529203 | V2: UPPER | W2: =T13+(1*T17) -> 0.0068695668 | X2: =T13+(2*T17) -> 0.013790882 | Y2: =T13+(3*T17) -> 0.020712198 | AB2: 1 | AC2: 3354 | AD2: =AC2/$T$25 -> 0.79384615 | AE2: =AF2*$T$25 -> 2881.45 | AF2: 0.682
P3: 0 COUNT | Q3: =T25-Q1-Q2 -> 25 | R3: =Q3/$T$25 -> 0.0059171598 | V3: LOWER | W3: =T13+(-1*T17) -> -0.0069730639 | X3: =T13+(-2*T17) -> -0.013894379 | Y3: =T13+(-3*T17) -> -0.020815695 | AB3: 2 | AC3: 4043 | AD3: =AC3/$T$25 -> 0.95692308 | AE3: =AF3*$T$25 -> 4030.65 | AF3: 0.954
AB4: 3 | AC4: 4173 | AD4: =AC4/$T$25 -> 0.98769231 | AE4: =AF4*$T$25 -> 4216.55 | AF4: 0.998
A11: Date | B11: Price | C11: Open | D11: High | E11: Low | F11: Change % | G11: OPEN TO OPEN | H11: HIGH TO LOW | L11: INTERVALS | M11: Bin | N11: Frequency | O11: TEXT LABELS | P11: PROBABILITIES | Q11: CUMULATIVE PROBABILITIES | S11: Column1
A12: 40179 | B12: 133.2 | C12: 133.23 | D12: 133.37 | E12: 133.09 | F12: 0.0009 | G12: =(C12-C13)/C13 -> -0.00060010502 | H12: =(D12-E12)/E12 -> 0.0021038395 | L12: -0.03 | M12: -0.03 | N12: 5 | O12: =TEXT(L12,"0.00%")&" TO "&TEXT(L13,"0.00%") -> -3.00% TO -2.70% | P12: =N12/$T$25 -> 0.001183432 | Q12: =P12 -> 0.001183432
A13: 40182 | B13: 133.39 | C13: 133.31 | D13: 133.83 | E13: 132.35 | F13: 0.0014 | G13: =(C13-C14)/C14 -> -0.00037492501 | H13: =(D13-E13)/E13 -> 0.011182471 | L13: -0.027 | M13: -0.027 | N13: 2 | O13: =TEXT(L13,"0.00%")&" TO "&TEXT(L14,"0.00%") -> -2.70% TO -2.40% | P13: =N13/$T$25 -> 0.00047337278 | Q13: =P13+Q12 -> 0.0016568047 | S13: Mean | T13: -5.1748547e-05
A14: 40183 | B14: 131.71 | C14: 133.36 | D14: 133.5 | E14: 131.44 | F14: -0.0126 | G14: =(C14-C15)/C15 -> 0.012373795 | H14: =(D14-E14)/E14 -> 0.01567255 | L14: -0.024 | M14: -0.024 | N14: 5 | O14: =TEXT(L14,"0.00%")&" TO "&TEXT(L15,"0.00%") -> -2.40% TO -2.10% | P14: =N14/$T$25 -> 0.001183432 | Q14: =P14+Q13 -> 0.0028402367 | S14: Standard Error | T14: 0.00010648178
A15: 40184 | B15: 133.05 | C15: 131.73 | D15: 133.54 | E15: 131.24 | F15: 0.0102 | G15: =(C15-C16)/C16 -> -0.010144274 | H15: =(D15-E15)/E15 -> 0.017525145 | L15: -0.021 | M15: -0.021 | N15: 10 | O15: =TEXT(L15,"0.00%")&" TO "&TEXT(L16,"0.00%") -> -2.10% TO -1.80% | P15: =N15/$T$25 -> 0.0023668639 | Q15: =P15+Q14 -> 0.0052071006 | S15: Median | T15: -0.00018894067
A16: 40185 | B16: 133.54 | C16: 133.08 | D16: 133.7 | E16: 132.37 | F16: 0.0037 | G16: =(C16-C17)/C17 -> -0.0033700292 | H16: =(D16-E16)/E16 -> 0.010047594 | L16: -0.018 | M16: -0.018 | N16: 7 | O16: =TEXT(L16,"0.00%")&" TO "&TEXT(L17,"0.00%") -> -1.80% TO -1.50% | P16: =N16/$T$25 -> 0.0016568047 | Q16: =P16+Q15 -> 0.0068639053 | S16: Mode | T16: 0
A17: 40186 | B17: 133.49 | C17: 133.53 | D17: 134.17 | E17: 132.41 | F17: -0.0004 | G17: =(C17-C18)/C18 -> 0.00029964791 | H17: =(D17-E17)/E17 -> 0.013292047 | L17: -0.015 | M17: -0.015 | N17: 40 | O17: =TEXT(L17,"0.00%")&" TO "&TEXT(L18,"0.00%") -> -1.50% TO -1.20% | P17: =N17/$T$25 -> 0.0094674556 | Q17: =P17+Q16 -> 0.016331361 | S17: Standard Deviation | T17: 0.0069213154
A18: 40189 | B18: 133.58 | C18: 133.49 | D18: 134.42 | E18: 133.39 | F18: 0.0007 | G18: =(C18-C19)/C19 -> -0.0016453519 | H18: =(D18-E18)/E18 -> 0.0077217183 | L18: -0.012 | M18: -0.012 | N18: 71 | O18: =TEXT(L18,"0.00%")&" TO "&TEXT(L19,"0.00%") -> -1.20% TO -0.90% | P18: =N18/$T$25 -> 0.016804734 | Q18: =P18+Q17 -> 0.033136095 | S18: Sample Variance | T18: 4.7904607e-05
A19: 40190 | B19: 131.8 | C19: 133.71 | D19: 133.82 | E19: 131.6 | F19: -0.0133 | G19: =(C19-C20)/C20 -> 0.014491654 | H19: =(D19-E19)/E19 -> 0.016869301 | L19: -0.009 | M19: -0.009 | N19: 129 | O19: =TEXT(L19,"0.00%")&" TO "&TEXT(L20,"0.00%") -> -0.90% TO -0.60% | P19: =N19/$T$25 -> 0.030532544 | Q19: =P19+Q18 -> 0.063668639 | S19: Kurtosis | T19: 30.709752
A20: 40191 | B20: 132.6 | C20: 131.8 | D20: 133.24 | E20: 131.5 | F20: 0.0061 | G20: =(C20-C21)/C21 -> -0.0066324992 | H20: =(D20-E20)/E20 -> 0.013231939 | L20: -0.006 | M20: -0.006 | N20: 287 | O20: =TEXT(L20,"0.00%")&" TO "&TEXT(L21,"0.00%") -> -0.60% TO -0.30% | P20: =N20/$T$25 -> 0.067928994 | Q20: =P20+Q19 -> 0.13159763 | S20: Skewness | T20: 0.33068683
A21: 40192 | B21: 132.21 | C21: 132.68 | D21: 133.67 | E21: 131.69 | F21: -0.0029 | G21: =(C21-C22)/C22 -> 0.0038586669 | H21: =(D21-E21)/E21 -> 0.01503531 | L21: -0.003 | M21: -0.003 | N21: 627 | O21: =TEXT(L21,"0.00%")&" TO "&TEXT(L22,"0.00%") -> -0.30% TO 0.00% | P21: =N21/$T$25 -> 0.14840237 | Q21: =P21+Q20 -> 0.28 | S21: Range | T21: 0.21064123
A22: 40193 | B22: 130.58 | C22: 132.17 | D22: 132.43 | E22: 130.28 | F22: -0.0123 | G22: =(C22-C23)/C23 -> 0.01442935 | H22: =(D22-E22)/E22 -> 0.016502917 | L22: 0 | M22: 0 | N22: 1014 | O22: =TEXT(L22,"0.00%")&" TO "&TEXT(L23,"0.00%") -> 0.00% TO 0.30% | P22: =N22/$T$25 -> 0.24 | Q22: =P22+Q21 -> 0.52 | S22: Minimum | T22: -0.1076523
A23: 40196 | B23: 130.55 | C23: 130.29 | D23: 130.99 | E23: 130.07 | F23: -0.0002 | G23: =(C23-C24)/C24 -> -0.0018386578 | H23: =(D23-E23)/E23 -> 0.0070731145 | L23: 0.003 | M23: 0.003 | N23: 925 | O23: =TEXT(L23,"0.00%")&" TO "&TEXT(L24,"0.00%") -> 0.30% TO 0.60% | P23: =N23/$T$25 -> 0.21893491 | Q23: =P23+Q22 -> 0.73893491 | S23: Maximum | T23: 0.10298893
A24: 40197 | B24: 130.24 | C24: 130.53 | D24: 130.76 | E24: 129.6 | F24: -0.0024 | G24: =(C24-C25)/C25 -> 0.0017651573 | H24: =(D24-E24)/E24 -> 0.0089506173 | L24: 0.006 | M24: 0.006 | N24: 571 | O24: =TEXT(L24,"0.00%")&" TO "&TEXT(L25,"0.00%") -> 0.60% TO 0.90% | P24: =N24/$T$25 -> 0.13514793 | Q24: =P24+Q23 -> 0.87408284 | S24: Sum | T24: -0.21863761
A25: 40198 | B25: 128.64 | C25: 130.3 | D25: 130.39 | E25: 128.39 | F25: -0.0123 | G25: =(C25-C26)/C26 -> 0.012746774 | H25: =(D25-E25)/E25 -> 0.015577537 | L25: 0.009 | M25: 0.009 | N25: 251 | O25: =TEXT(L25,"0.00%")&" TO "&TEXT(L26,"0.00%") -> 0.90% TO 1.20% | P25: =N25/$T$25 -> 0.059408284 | Q25: =P25+Q24 -> 0.93349112 | S25: Count | T25: 4225
A26: 40199 | B26: 127.4 | C26: 128.66 | D26: 129.55 | E26: 127.02 | F26: -0.0096 | G26: =(C26-C27)/C27 -> 0.0095731325 | H26: =(D26-E26)/E26 -> 0.019918123 | L26: 0.012 | M26: 0.012 | N26: 136 | O26: =TEXT(L26,"0.00%")&" TO "&TEXT(L27,"0.00%") -> 1.20% TO 1.50% | P26: =N26/$T$25 -> 0.032189349 | Q26: =P26+Q25 -> 0.96568047
A27: 40200 | B27: 127.06 | C27: 127.44 | D27: 128.22 | E27: 126.55 | F27: -0.0027 | G27: =(C27-C28)/C28 -> -0.0035965598 | H27: =(D27-E27)/E27 -> 0.013196365 | L27: 0.015 | M27: 0.015 | N27: 72 | O27: =TEXT(L27,"0.00%")&" TO "&TEXT(L28,"0.00%") -> 1.50% TO 1.80% | P27: =N27/$T$25 -> 0.01704142 | Q27: =P27+Q26 -> 0.98272189
A28: 40203 | B28: 127.67 | C28: 127.9 | D28: 128.17 | E28: 127.05 | F28: 0.0048 | G28: =(C28-C29)/C29 -> 0.0014093329 | H28: =(D28-E28)/E28 -> 0.008815427 | L28: 0.018 | M28: 0.018 | N28: 28 | O28: =TEXT(L28,"0.00%")&" TO "&TEXT(L29,"0.00%") -> 1.80% TO 2.10% | P28: =N28/$T$25 -> 0.0066272189 | Q28: =P28+Q27 -> 0.98934911
A29: 40204 | B29: 126.15 | C29: 127.72 | D29: 128.4 | E29: 125.66 | F29: -0.0119 | G29: =(C29-C30)/C30 -> 0.012044374 | H29: =(D29-E29)/E29 -> 0.02180487 | L29: 0.021 | M29: 0.021 | N29: 20 | O29: =TEXT(L29,"0.00%")&" TO "&TEXT(L30,"0.00%") -> 2.10% TO 2.40% | P29: =N29/$T$25 -> 0.0047337278 | Q29: =P29+Q28 -> 0.99408284
A30: 40205 | B30: 126.19 | C30: 126.2 | D30: 126.45 | E30: 125.21 | F30: 0.0003 | G30: =(C30-C31)/C31 -> 0.00015850372 | H30: =(D30-E30)/E30 -> 0.0099033624 | L30: 0.024 | M30: 0.024 | N30: 10 | O30: =TEXT(L30,"0.00%")&" TO "&TEXT(L31,"0.00%") -> 2.40% TO 2.70% | P30: =N30/$T$25 -> 0.0023668639 | Q30: =P30+Q29 -> 0.9964497
A31: 40206 | B31: 125.5 | C31: 126.18 | D31: 127.1 | E31: 125.08 | F31: -0.0055 | G31: =(C31-C32)/C32 -> 0.0049378783 | H31: =(D31-E31)/E31 -> 0.016149664 | L31: 0.027 | M31: 0.027 | N31: 5 | O31: =TEXT(L31,"0.00%")&" TO "&TEXT(L32,"0.00%") -> 2.70% TO 3.00% | P31: =N31/$T$25 -> 0.001183432 | Q31: =P31+Q30 -> 0.99763314
A32: 40207 | B32: 125.13 | C32: 125.56 | D32: 126.73 | E32: 124.78 | F32: -0.0029 | G32: =(C32-C33)/C33 -> 0.0074620878 | H32: =(D32-E32)/E32 -> 0.015627504 | L32: 0.03 | M32: 0.03 | N32: 3 | O32: =TEXT(L32,"0.00%")&" TO "&TEXT(L33,"0.00%") -> 3.00% TO 0.00% | P32: =N32/$T$25 -> 0.00071005917 | Q32: =P32+Q31 -> 0.9983432
A33: 40210 | B33: 126.22 | C33: 124.63 | D33: 126.54 | E33: 124.48 | F33: 0.0087 | G33: =(C33-C34)/C34 -> -0.012831683 | H33: =(D33-E33)/E33 -> 0.016548843 | M33: More | N33: 7 | O33: =TEXT(L33,"0.00%")&" TO "&TEXT(L34,"0.00%") -> 0.00% TO 0.00% | P33: =N33/$T$25 -> 0.0016568047 | Q33: =P33+Q32 -> 1
A34: 40211 | B34: 126.14 | C34: 126.25 | D34: 126.72 | E34: 125.79 | F34: -0.0006 | G34: =(C34-C35)/C35 -> 0.00039619651 | H34: =(D34-E34)/E34 -> 0.0073932745
A35: 40212 | B35: 126.44 | C35: 126.2 | D35: 127 | E35: 125.95 | F35: 0.0024 | G35: =(C35-C36)/C36 -> -0.001740231 | H35: =(D35-E35)/E35 -> 0.0083366415
A36: 40213 | B36: 122.18 | C36: 126.42 | D36: 126.5 | E36: 121.58 | F36: -0.0337 | G36: =(C36-C37)/C37 -> 0.034448899 | H36: =(D36-E36)/E36 -> 0.040467182
A37: 40214 | B37: 122.05 | C37: 122.21 | D37: 123.34 | E37: 120.68 | F37: -0.0011 | G37: =(C37-C38)/C38 -> -0.0018784711 | H37: =(D37-E37)/E37 -> 0.022041763 | L37: INTERVALS | M37: Bin | N37: Frequency | P37: PROBABILITIES | Q37: CUMULATIVE PROBABILITIES | S37: Column1
A38: 40217 | B38: 121.92 | C38: 122.44 | D38: 122.81 | E38: 121.54 | F38: -0.0011 | G38: =(C38-C39)/C39 -> 0.0040180402 | H38: =(D38-E38)/E38 -> 0.010449235 | L38: 0.002 | M38: 0.002 | N38: 4 | P38: =N38/$T$51 -> 0.00094674556 | Q38: =P38 -> 0.00094674556
A39: 40218 | B39: 123.57 | C39: 121.95 | D39: 124.2 | E39: 121.63 | F39: 0.0135 | G39: =(C39-C40)/C40 -> -0.013109978 | H39: =(D39-E39)/E39 -> 0.021129656 | L39: 0.004 | M39: 0.004 | N39: 216 | P39: =N39/$T$51 -> 0.05112426 | Q39: =P39+Q38 -> 0.052071006 | S39: Mean | T39: 0.0099388198
A40: 40219 | B40: 123.48 | C40: 123.57 | D40: 124.31 | E40: 122.67 | F40: -0.0007 | G40: =(C40-C41)/C41 -> 0.00056680162 | H40: =(D40-E40)/E40 -> 0.013369202 | L40: 0.006 | M40: 0.006 | N40: 774 | P40: =N40/$T$51 -> 0.18319527 | Q40: =P40+Q39 -> 0.23526627 | S40: Standard Error | T40: 0.00022222353
A41: 40220 | B41: 122.75 | C41: 123.5 | D41: 124.19 | E41: 122.04 | F41: -0.0059 | G41: =(C41-C42)/C42 -> 0.0054546935 | H41: =(D41-E41)/E41 -> 0.017617175 | L41: 0.008 | M41: 0.008 | N41: 958 | P41: =N41/$T$51 -> 0.22674556 | Q41: =P41+Q40 -> 0.46201183 | S41: Median | T41: 0.008387698
A42: 40221 | B42: 122.58 | C42: 122.83 | D42: 123.12 | E42: 121.36 | F42: -0.0014 | G42: =(C42-C43)/C43 -> 0.0015492498 | H42: =(D42-E42)/E42 -> 0.014502307 | L42: 0.01 | M42: 0.01 | N42: 730 | P42: =N42/$T$51 -> 0.17278107 | Q42: =P42+Q41 -> 0.6347929 | S42: Mode | T42: 0.010329402
A43: 40224 | B43: 122.35 | C43: 122.64 | D43: 122.91 | E43: 122.22 | F43: -0.0019 | G43: =(C43-C44)/C44 -> 0.0020426505 | H43: =(D43-E43)/E43 -> 0.0056455572 | L43: 0.012 | M43: 0.012 | N43: 523 | P43: =N43/$T$51 -> 0.12378698 | Q43: =P43+Q42 -> 0.75857988 | S43: Standard Deviation | T43: 0.01444453
A44: 40225 | B44: 124.04 | C44: 122.39 | D44: 124.51 | E44: 122.29 | F44: 0.0138 | G44: =(C44-C45)/C45 -> -0.014017562 | H44: =(D44-E44)/E44 -> 0.018153569 | L44: 0.014 | M44: 0.014 | N44: 361 | P44: =N44/$T$51 -> 0.085443787 | Q44: =P44+Q43 -> 0.84402367 | S44: Sample Variance | T44: 0.00020864444
A45: 40226 | B45: 124.24 | C45: 124.13 | D45: 124.89 | E45: 123.39 | F45: 0.0016 | G45: =(C45-C46)/C46 -> 0 | H45: =(D45-E45)/E45 -> 0.012156577 | L45: 0.016 | M45: 0.016 | N45: 221 | P45: =N45/$T$51 -> 0.052307692 | Q45: =P45+Q44 -> 0.89633136 | S45: Kurtosis | T45: 3003.1346
A46: 40227 | B46: 124.19 | C46: 124.13 | D46: 124.49 | E46: 122.73 | F46: -0.0004 | G46: =(C46-C47)/C47 -> -0.00056360709 | H46: =(D46-E46)/E46 -> 0.014340422 | L46: 0.018 | M46: 0.018 | N46: 156 | P46: =N46/$T$51 -> 0.036923077 | Q46: =P46+Q45 -> 0.93325444 | S46: Skewness | T46: 50.548819
A47: 40228 | B47: 124.71 | C47: 124.2 | D47: 124.83 | E47: 123.53 | F47: 0.0042 | G47: =(C47-C48)/C48 -> -0.0044088176 | H47: =(D47-E47)/E47 -> 0.010523759 | L47: 0.02 | M47: 0.02 | N47: 84 | P47: =N47/$T$51 -> 0.019881657 | Q47: =P47+Q46 -> 0.95313609 | S47: Range | T47: 0.87104948
A48: 40231 | B48: 123.89 | C48: 124.75 | D48: 125.28 | E48: 123.61 | F48: -0.0066 | G48: =(C48-C49)/C49 -> 0.0068603713 | H48: =(D48-E48)/E48 -> 0.013510234 | L48: 0.022 | M48: 0.022 | N48: 59 | P48: =N48/$T$51 -> 0.013964497 | Q48: =P48+Q47 -> 0.96710059 | S48: Minimum | T48: 0.00076115914
A49: 40232 | B49: 121.86 | C49: 123.9 | D49: 124.59 | E49: 121.57 | F49: -0.0164 | G49: =(C49-C50)/C50 -> 0.016990889 | H49: =(D49-E49)/E49 -> 0.024841655 | L49: 0.024 | M49: 0.024 | N49: 38 | P49: =N49/$T$51 -> 0.0089940828 | Q49: =P49+Q48 -> 0.97609467 | S49: Maximum | T49: 0.87181064
A50: 40233 | B50: 122.03 | C50: 121.83 | D50: 122.65 | E50: 121.59 | F50: 0.0014 | G50: =(C50-C51)/C51 -> -0.0015571218 | H50: =(D50-E50)/E50 -> 0.0087178222 | L50: 0.026 | M50: 0.026 | N50: 31 | P50: =N50/$T$51 -> 0.0073372781 | Q50: =P50+Q49 -> 0.98343195 | S50: Sum | T50: 41.991514
A51: 40234 | B51: 120.72 | C51: 122.02 | D51: 122.33 | E51: 119.63 | F51: -0.0107 | G51: =(C51-C52)/C52 -> 0.010350253 | H51: =(D51-E51)/E51 -> 0.02256959 | L51: 0.028 | M51: 0.028 | N51: 15 | P51: =N51/$T$51 -> 0.0035502959 | Q51: =P51+Q50 -> 0.98698225 | S51: Count | T51: 4225
A52: 40235 | B52: 121.06 | C52: 120.77 | D52: 121.69 | E52: 120.49 | F52: 0.0028 | G52: =(C52-C53)/C53 -> -0.0035478548 | H52: =(D52-E52)/E52 -> 0.0099593327 | L52: 0.03 | M52: 0.03 | N52: 11 | P52: =N52/$T$51 -> 0.0026035503 | Q52: =P52+Q51 -> 0.9895858
A53: 40238 | B53: 120.8 | C53: 121.2 | D53: 121.95 | E53: 120.05 | F53: -0.0021 | G53: =(C53-C54)/C54 -> 0.0031451746 | H53: =(D53-E53)/E53 -> 0.015826739 | L53: 0.032 | M53: 0.032 | N53: 13 | P53: =N53/$T$51 -> 0.0030769231 | Q53: =P53+Q52 -> 0.99266272
A54: 40239 | B54: 120.73 | C54: 120.82 | D54: 121.35 | E54: 119.75 | F54: -0.0006 | G54: =(C54-C55)/C55 -> -0.00016550811 | H54: =(D54-E54)/E54 -> 0.013361169 | L54: 0.034 | M54: 0.034 | N54: 6 | P54: =N54/$T$51 -> 0.0014201183 | Q54: =P54+Q53 -> 0.99408284
A55: 40240 | B55: 121.15 | C55: 120.84 | D55: 121.78 | E55: 65.06 | F55: 0.0035 | G55: =(C55-C56)/C56 -> -0.002394122 | H55: =(D55-E55)/E55 -> 0.87181064 | L55: 0.036 | M55: 0.036 | N55: 6 | P55: =N55/$T$51 -> 0.0014201183 | Q55: =P55+Q54 -> 0.99550296
A56: 40241 | B56: 120.95 | C56: 121.13 | D56: 121.84 | E56: 120.3 | F56: -0.0017 | G56: =(C56-C57)/C57 -> 0.00041295012 | H56: =(D56-E56)/E56 -> 0.01280133 | L56: 0.038 | M56: 0.038 | N56: 4 | P56: =N56/$T$51 -> 0.00094674556 | Q56: =P56+Q55 -> 0.9964497
A57: 40242 | B57: 122.98 | C57: 121.08 | D57: 123.35 | E57: 120.86 | F57: 0.0168 | G57: =(C57-C58)/C58 -> -0.017845555 | H57: =(D57-E57)/E57 -> 0.02060235 | L57: 0.04 | M57: 0.04 | N57: 3 | P57: =N57/$T$51 -> 0.00071005917 | Q57: =P57+Q56 -> 0.99715976
A58: 40245 | B58: 122.98 | C58: 123.28 | D58: 123.94 | E58: 122.81 | F58: 0 | G58: =(C58-C59)/C59 -> 0.001543586 | H58: =(D58-E58)/E58 -> 0.0092012051 | M58: More | N58: 12 | P58: =N58/$T$51 -> 0.0028402367 | Q58: =P58+Q57 -> 1
A59: 40246 | B59: 122.33 | C59: 123.09 | D59: 123.18 | E59: 121.44 | F59: -0.0053 | G59: =(C59-C60)/C60 -> 0.005966002 | H59: =(D59-E59)/E59 -> 0.014328063
A60: 40247 | B60: 123.57 | C60: 122.36 | D60: 124.06 | E60: 121.86 | F60: 0.0101 | G60: =(C60-C61)/C61 -> -0.01011245 | H60: =(D60-E60)/E60 -> 0.018053504
A61: 40248 | B61: 123.8 | C61: 123.61 | D61: 123.95 | E61: 123 | F61: 0.0019 | G61: =(C61-C62)/C62 -> -0.0018572351 | H61: =(D61-E61)/E61 -> 0.0077235772
A62: 40249 | B62: 124.46 | C62: 123.84 | D62: 125.24 | E62: 123.67 | F62: 0.0053 | G62: =(C62-C63)/C63 -> -0.0098344927 | H62: =(D62-E62)/E62 -> 0.012695076
A63: 40252 | B63: 123.76 | C63: 125.07 | D63: 125.1 | E63: 123.28 | F63: -0.0056 | G63: =(C63-C64)/C64 -> 0.010585003 | H63: =(D63-E63)/E63 -> 0.014763141
A64: 40253 | B64: 124.34 | C64: 123.76 | D64: 124.63 | E64: 123.21 | F64: 0.0047 | G64: =(C64-C65)/C65 -> -0.0042642208 | H64: =(D64-E64)/E64 -> 0.011525039
A65: 40254 | B65: 123.99 | C65: 124.29 | D65: 125.12 | E65: 123.9 | F65: -0.0028 | G65: =(C65-C66)/C66 -> 0.0017731926 | H65: =(D65-E65)/E65 -> 0.0098466505
A66: 40255 | B66: 122.9 | C66: 124.07 | D66: 124.31 | E66: 122.64 | F66: -0.0088 | G66: =(C66-C67)/C67 -> 0.0089452712 | H66: =(D66-E66)/E66 -> 0.013617091
A67: 40256 | B67: 122.5 | C67: 122.97 | D67: 123.37 | E67: 122.23 | F67: -0.0033 | G67: =(C67-C68)/C68 -> 0.0035909573 | H67: =(D67-E67)/E67 -> 0.0093266792
A68: 40259 | B68: 122.13 | C68: 122.53 | D68: 122.66 | E68: 121.05 | F68: -0.003 | G68: =(C68-C69)/C69 -> 0.0024543893 | H68: =(D68-E68)/E68 -> 0.013300289
A69: 40260 | B69: 122.07 | C69: 122.23 | D69: 122.63 | E69: 121.73 | F69: -0.0005 | G69: =(C69-C70)/C70 -> 0.0015568666 | H69: =(D69-E69)/E69 -> 0.0073934116
A70: 40261 | B70: 122.79 | C70: 122.04 | D70: 123.09 | E70: 121.4 | F70: 0.0059 | G70: =(C70-C71)/C71 -> -0.0066742634 | H70: =(D70-E70)/E70 -> 0.013920923
... A4236: 46093 | B4236: 183.43 | C4236: 183.87 | D4236: 183.94 | E4236: 183.21 | F4236: -0.0023 | G4236: =(C4236-C4237)/C4237 -> 0.0023987352 | H4236: =(D4236-E4236)/E4236 -> 0.0039844987
A4237: 46094 | B4237: 182.36 | C4237: 183.43 | D4237: 183.67 | E4237: 182.25 | F4237: -0.0058

Sheet USDZAR
I1: open to open | J1: average ret | K1: =SUBTOTAL(1,G12:G4236) -> 0.00023743745 | M1: av post ret | N1: 0.0075166863 | P1: POS COUNT | Q1: 2064 | R1: =Q1/$R$25 -> 0.48852071 | S1: ADJ AV POST RET | T1: =N1*R1 -> 0.0036720569 | V1: STD DEV | W1: 1 | X1: 2 | Y1: 3 | AB1: STD DEV 2 | AC1: ACTUAL | AD1: ACTUAL% | AE1: NORMAL | AF1: NORMAL %
J2: count | K2: =SUBTOTAL(2,G15:G4236) -> 4222 | M2: av neg ret | N2: -0.0067379774 | P2: NEG COUNT | Q2: 2157 | R2: =Q2/$R$25 -> 0.51053254 | S2: ADJ AV NEG RET | T2: =N2*R2 -> -0.0034399568 | V2: UPPER | W2: =R13+(1*R17) -> 0.0095252432 | X2: =R13+(2*R17) -> 0.018813049 | Y2: =R13+(3*R17) -> 0.028100855 | AB2: 1 | AC2: 3050 | AD2: =AC2/$R$25 -> 0.72189349 | AE2: =AF2*$R$25 -> 2881.45 | AF2: 0.682
P3: 0 COUNT | Q3: =R25-Q1-Q2 -> 4 | R3: =Q3/$R$25 -> 0.00094674556 | V3: LOWER | W3: =R13+(-1*R17) -> -0.0090503683 | X3: =R13+(-2*R17) -> -0.018338174 | Y3: =R13+(-3*R17) -> -0.02762598 | AB3: 2 | AC3: 4006 | AD3: =AC3/$R$25 -> 0.94816568 | AE3: =AF3*$R$25 -> 4030.65 | AF3: 0.954
AB4: 3 | AC4: 4183 | AD4: =AC4/$R$25 -> 0.99005917 | AE4: =AF4*$R$25 -> 4216.55 | AF4: 0.998
A11: Date | B11: Price | C11: Open | D11: High | E11: Low | F11: Change % | G11: OPEN TO OPEN | H11: HIGH TO LOW | J11: INTER | K11: Bin | L11: Frequency | M11: TEXT LABELS | N11: PROBABILITIES | O11: CUMULATIVE PROBABILITIES | Q11: Column1
A12: 46094 | B12: 16.9553 | C12: 16.8001 | D12: 16.9738 | E12: 16.7163 | F12: 0.0093 | G12: =(C12-C13)/C13 -> 0.018867124 | H12: =(D12-E12)/E12 -> 0.015404127 | J12: -0.03 | K12: -0.03 | L12: 4 | M12: =TEXT(J12,"0.00%")&" TO "&TEXT(J13,"0.00%") -> -3.00% TO -2.70% | N12: =L12/$R$25 -> 0.00094674556 | O12: =N12 -> 0.00094674556
A13: 46093 | B13: 16.7999 | C13: 16.489 | D13: 16.8103 | E13: 16.4388 | F13: 0.0189 | G13: =(C13-C14)/C14 -> 0.012073188 | H13: =(D13-E13)/E13 -> 0.022598973 | J13: -0.027 | K13: -0.027 | L13: 6 | M13: =TEXT(J13,"0.00%")&" TO "&TEXT(J14,"0.00%") -> -2.70% TO -2.40% | N13: =L13/$R$25 -> 0.0014201183 | O13: =N13+O12 -> 0.0023668639 | Q13: Mean | R13: 0.00023743745
A14: 46092 | B14: 16.489 | C14: 16.2923 | D14: 16.5258 | E14: 16.2035 | F14: 0.0119 | G14: =(C14-C15)/C15 -> 0.00027628041 | H14: =(D14-E14)/E14 -> 0.019890764 | J14: -0.024 | K14: -0.024 | L14: 16 | M14: =TEXT(J14,"0.00%")&" TO "&TEXT(J15,"0.00%") -> -2.40% TO -2.10% | N14: =L14/$R$25 -> 0.0037869822 | O14: =N14+O13 -> 0.0061538462 | Q14: Standard Error | R14: 0.00014288932
A15: 46091 | B15: 16.2955 | C15: 16.2878 | D15: 16.3943 | E15: 16.1263 | F15: 0.0004 | G15: =(C15-C16)/C16 -> -0.02542378 | H15: =(D15-E15)/E15 -> 0.016618815 | J15: -0.021 | K15: -0.021 | L15: 20 | M15: =TEXT(J15,"0.00%")&" TO "&TEXT(J16,"0.00%") -> -2.10% TO -1.80% | N15: =L15/$R$25 -> 0.0047337278 | O15: =N15+O14 -> 0.010887574 | Q15: Median | R15: -0.00019139075
A16: 46090 | B16: 16.2892 | C16: 16.7127 | D16: 16.9203 | E16: 16.27 | F16: -0.0163 | G16: =(C16-C17)/C17 -> 0.0035969927 | H16: =(D16-E16)/E16 -> 0.039969269 | J16: -0.018 | K16: -0.018 | L16: 38 | M16: =TEXT(J16,"0.00%")&" TO "&TEXT(J17,"0.00%") -> -1.80% TO -1.50% | N16: =L16/$R$25 -> 0.0089940828 | O16: =N16+O15 -> 0.019881657 | Q16: Mode | R16: -0.0072162087
A17: 46087 | B17: 16.5588 | C17: 16.6528 | D17: 16.8215 | E17: 16.5228 | F17: -0.0057 | G17: =(C17-C18)/C18 -> 0.019062131 | H17: =(D17-E17)/E17 -> 0.01807805 | J17: -0.015 | K17: -0.015 | L17: 76 | M17: =TEXT(J17,"0.00%")&" TO "&TEXT(J18,"0.00%") -> -1.50% TO -1.20% | N17: =L17/$R$25 -> 0.017988166 | O17: =N17+O16 -> 0.037869822 | Q17: Standard Deviation | R17: 0.0092878057
A18: 46086 | B18: 16.653 | C18: 16.3413 | D18: 16.749 | E18: 16.3117 | F18: 0.0191 | G18: =(C18-C19)/C19 -> -0.011188295 | H18: =(D18-E18)/E18 -> 0.026808978 | J18: -0.012 | K18: -0.012 | L18: 154 | M18: =TEXT(J18,"0.00%")&" TO "&TEXT(J19,"0.00%") -> -1.20% TO -0.90% | N18: =L18/$R$25 -> 0.036449704 | O18: =N18+O17 -> 0.074319527 | Q18: Sample Variance | R18: 8.6263335e-05
A19: 46085 | B19: 16.3413 | C19: 16.5262 | D19: 16.635 | E19: 16.2841 | F19: -0.0114 | G19: =(C19-C20)/C20 -> 0.025115841 | H19: =(D19-E19)/E19 -> 0.021548627 | J19: -0.009 | K19: -0.009 | L19: 260 | M19: =TEXT(J19,"0.00%")&" TO "&TEXT(J20,"0.00%") -> -0.90% TO -0.60% | N19: =L19/$R$25 -> 0.061538462 | O19: =N19+O18 -> 0.13585799 | Q19: Kurtosis | R19: 1.669684
A20: 46084 | B20: 16.5305 | C20: 16.1213 | D20: 16.7594 | E20: 16.0516 | F20: 0.0267 | G20: =(C20-C21)/C21 -> 0.011596022 | H20: =(D20-E20)/E20 -> 0.044095293 | J20: -0.006 | K20: -0.006 | L20: 434 | M20: =TEXT(J20,"0.00%")&" TO "&TEXT(J21,"0.00%") -> -0.60% TO -0.30% | N20: =L20/$R$25 -> 0.10272189 | O20: =N20+O19 -> 0.23857988 | Q20: Skewness | R20: 0.42250534
A21: 46083 | B21: 16.0999 | C21: 15.9365 | D21: 16.2133 | E21: 15.9365 | F21: 0.0103 | G21: =(C21-C22)/C22 -> 0.00013806694 | H21: =(D21-E21)/E21 -> 0.017368933 | J21: -0.003 | K21: -0.003 | L21: 552 | M21: =TEXT(J21,"0.00%")&" TO "&TEXT(J22,"0.00%") -> -0.30% TO 0.00% | N21: =L21/$R$25 -> 0.13065089 | O21: =N21+O20 -> 0.36923077 | Q21: Range | R21: 0.10601225
A22: 46080 | B22: 15.9365 | C22: 15.9343 | D22: 16.005 | E22: 15.8678 | F22: -0.0003 | G22: =(C22-C23)/C23 -> 0.0057310569 | H22: =(D22-E22)/E22 -> 0.0086464412 | J22: 0 | K22: 0 | L22: 598 | M22: =TEXT(J22,"0.00%")&" TO "&TEXT(J23,"0.00%") -> 0.00% TO 0.30% | N22: =L22/$R$25 -> 0.14153846 | O22: =N22+O21 -> 0.51076923 | Q22: Minimum | R22: -0.03843821
A23: 46079 | B23: 15.9408 | C23: 15.8435 | D23: 16.008 | E23: 15.8316 | F23: 0.0059 | G23: =(C23-C24)/C24 -> -0.0072994987 | H23: =(D23-E23)/E23 -> 0.011142272 | J23: 0.003 | K23: 0.003 | L23: 571 | M23: =TEXT(J23,"0.00%")&" TO "&TEXT(J24,"0.00%") -> 0.30% TO 0.60% | N23: =L23/$R$25 -> 0.13514793 | O23: =N23+O22 -> 0.64591716 | Q23: Maximum | R23: 0.067574043
A24: 46078 | B24: 15.8475 | C24: 15.96 | D24: 15.991 | E24: 15.8292 | F24: -0.008 | G24: =(C24-C25)/C25 -> -0.0021133189 | H24: =(D24-E24)/E24 -> 0.010221616 | J24: 0.006 | K24: 0.006 | L24: 477 | M24: =TEXT(J24,"0.00%")&" TO "&TEXT(J25,"0.00%") -> 0.60% TO 0.90% | N24: =L24/$R$25 -> 0.11289941 | O24: =N24+O23 -> 0.75881657 | Q24: Sum | R24: 1.0031732
A25: 46077 | B25: 15.976 | C25: 15.9938 | D25: 16.054 | E25: 15.9274 | F25: -0.0029 | G25: =(C25-C26)/C26 -> -0.0038429199 | H25: =(D25-E25)/E25 -> 0.0079485666 | J25: 0.009 | K25: 0.009 | L25: 363 | M25: =TEXT(J25,"0.00%")&" TO "&TEXT(J26,"0.00%") -> 0.90% TO 1.20% | N25: =L25/$R$25 -> 0.08591716 | O25: =N25+O24 -> 0.84473373 | Q25: Count | R25: 4225
A26: 46076 | B26: 16.0223 | C26: 16.0555 | D26: 16.0709 | E26: 15.9483 | F26: -0.0011 | G26: =(C26-C27)/C27 -> -0.0055681494 | H26: =(D26-E26)/E26 -> 0.0076873397 | J26: 0.012 | K26: 0.012 | L26: 253 | M26: =TEXT(J26,"0.00%")&" TO "&TEXT(J27,"0.00%") -> 1.20% TO 1.50% | N26: =L26/$R$25 -> 0.059881657 | O26: =N26+O25 -> 0.90461538
A27: 46073 | B27: 16.0397 | C27: 16.1454 | D27: 16.1994 | E27: 15.9823 | F27: -0.0065 | G27: =(C27-C28)/C28 -> 0.0042232934 | H27: =(D27-E27)/E27 -> 0.013583777 | J27: 0.015 | K27: 0.015 | L27: 160 | M27: =TEXT(J27,"0.00%")&" TO "&TEXT(J28,"0.00%") -> 1.50% TO 1.80% | N27: =L27/$R$25 -> 0.037869822 | O27: =N27+O26 -> 0.94248521
A28: 46072 | B28: 16.1453 | C28: 16.0775 | D28: 16.2285 | E28: 16.023 | F28: 0.0049 | G28: =(C28-C29)/C29 -> 0.0027192386 | H28: =(D28-E28)/E28 -> 0.012825314 | J28: 0.018 | K28: 0.018 | L28: 94 | M28: =TEXT(J28,"0.00%")&" TO "&TEXT(J29,"0.00%") -> 1.80% TO 2.10% | N28: =L28/$R$25 -> 0.022248521 | O28: =N28+O27 -> 0.96473373
A29: 46071 | B29: 16.0669 | C29: 16.0339 | D29: 16.1086 | E29: 15.95 | F29: 0.0021 | G29: =(C29-C30)/C30 -> 0.0041584468 | H29: =(D29-E29)/E29 -> 0.0099435737 | J29: 0.021 | K29: 0.021 | L29: 54 | M29: =TEXT(J29,"0.00%")&" TO "&TEXT(J30,"0.00%") -> 2.10% TO 2.40% | N29: =L29/$R$25 -> 0.012781065 | O29: =N29+O28 -> 0.97751479
A30: 46070 | B30: 16.0339 | C30: 15.9675 | D30: 16.1167 | E30: 15.94 | F30: 0.0033 | G30: =(C30-C31)/C31 -> 0.0011034552 | H30: =(D30-E30)/E30 -> 0.01108532 | J30: 0.024 | K30: 0.024 | L30: 44 | M30: =TEXT(J30,"0.00%")&" TO "&TEXT(J31,"0.00%") -> 2.40% TO 2.70% | N30: =L30/$R$25 -> 0.010414201 | O30: =N30+O29 -> 0.98792899
A31: 46069 | B31: 15.9816 | C31: 15.9499 | D31: 16.0006 | E31: 15.879 | F31: 0.0023 | G31: =(C31-C32)/C32 -> 0.00093504864 | H31: =(D31-E31)/E31 -> 0.007657913 | J31: 0.027 | K31: 0.027 | L31: 18 | M31: =TEXT(J31,"0.00%")&" TO "&TEXT(J32,"0.00%") -> 2.70% TO 3.00% | N31: =L31/$R$25 -> 0.004260355 | O31: =N31+O30 -> 0.99218935
A32: 46066 | B32: 15.9456 | C32: 15.935 | D32: 16.0798 | E32: 15.9305 | F32: -0.0009 | G32: =(C32-C33)/C33 -> 0.0034634761 | H32: =(D32-E32)/E32 -> 0.0093719594 | J32: 0.03 | K32: 0.03 | L32: 13 | N32: =L32/$R$25 -> 0.0030769231 | O32: =N32+O31 -> 0.99526627
A33: 46065 | B33: 15.9601 | C33: 15.88 | D33: 15.9932 | E33: 15.8045 | F33: 0.006 | G33: =(C33-C34)/C34 -> -0.0035703305 | H33: =(D33-E33)/E33 -> 0.011939637 | K33: More | L33: 20 | N33: =L33/$R$25 -> 0.0047337278 | O33: =N33+O32 -> 1
A34: 46064 | B34: 15.8653 | C34: 15.9369 | D34: 15.96 | E34: 15.8336 | F34: -0.0046 | G34: =(C34-C35)/C35 -> 0.0024279325 | H34: =(D34-E34)/E34 -> 0.0079830234
A35: 46063 | B35: 15.9382 | C35: 15.8983 | D35: 15.9798 | E35: 15.8783 | F35: 0.0025 | G35: =(C35-C36)/C36 -> -0.0093282652 | H35: =(D35-E35)/E35 -> 0.006392372
A36: 46062 | B36: 15.8983 | C36: 16.048 | D36: 16.0787 | E36: 15.8694 | F36: -0.0089 | G36: =(C36-C37)/C37 -> -0.016202498 | H36: =(D36-E36)/E36 -> 0.013188904
A37: 46059 | B37: 16.0414 | C37: 16.3123 | D37: 16.4338 | E37: 15.9966 | F37: -0.0166 | G37: =(C37-C38)/C38 -> 0.014667372 | H37: =(D37-E37)/E37 -> 0.027330808 | J37: INTERVALS | K37: Bin | L37: Frequency | N37: PROBABILITIES | O37: CUMULATIVE PROBABILITIES | P37: Column1
A38: 46058 | B38: 16.3129 | C38: 16.0765 | D38: 16.3197 | E38: 16.0495 | F38: 0.0144 | G38: =(C38-C39)/C39 -> 0.0061143515 | H38: =(D38-E38)/E38 -> 0.016835415 | J38: 0.002 | K38: 0.002 | L38: 4 | N38: =L38/$Q$51 -> 0.00094652153 | O38: =N38 -> 0.00094652153
A39: 46057 | B39: 16.0814 | C39: 15.9788 | D39: 16.1446 | E39: 15.9033 | F39: 0.0068 | G39: =(C39-C40)/C40 -> -0.0067567988 | H39: =(D39-E39)/E39 -> 0.015172952 | J39: 0.004 | K39: 0.004 | L39: 10 | N39: =L39/$Q$51 -> 0.0023663038 | O39: =N39+O38 -> 0.0033128254 | P39: Mean | Q39: 0.016457921
A40: 46056 | B40: 15.9733 | C40: 16.0875 | D40: 16.114 | E40: 15.9064 | F40: -0.0071 | G40: =(C40-C41)/C41 -> -0.0027832189 | H40: =(D40-E40)/E40 -> 0.01305135 | J40: 0.006 | K40: 0.006 | L40: 49 | N40: =L40/$Q$51 -> 0.011594889 | O40: =N40+O39 -> 0.014907714 | P40: Standard Error | Q40: 0.0001160701
A41: 46055 | B41: 16.0869 | C41: 16.1324 | D41: 16.3162 | E41: 15.9567 | F41: -0.0032 | G41: =(C41-C42)/C42 -> 0.025079904 | H41: =(D41-E41)/E41 -> 0.022529721 | J41: 0.008 | K41: 0.008 | L41: 205 | N41: =L41/$Q$51 -> 0.048509229 | O41: =N41+O40 -> 0.063416943 | P41: Median | Q41: 0.015164088
A42: 46052 | B42: 16.1384 | C42: 15.7377 | D42: 16.2113 | E42: 15.7221 | F42: 0.0256 | G42: =(C42-C43)/C43 -> -0.0021114704 | H42: =(D42-E42)/E42 -> 0.031115436 | J42: 0.01 | K42: 0.01 | L42: 419 | N42: =L42/$Q$51 -> 0.099148131 | O42: =N42+O41 -> 0.16256507 | P42: Mode | Q42: 0
A43: 46051 | B43: 15.7354 | C43: 15.771 | D43: 15.935 | E43: 15.6417 | F43: -0.0023 | G43: =(C43-C44)/C44 -> -0.0058372627 | H43: =(D43-E43)/E43 -> 0.018751159 | J43: 0.012 | K43: 0.012 | L43: 517 | N43: =L43/$Q$51 -> 0.12233791 | O43: =N43+O42 -> 0.28490298 | P43: Standard Deviation | Q43: 0.0075454492
A44: 46050 | B44: 15.7713 | C44: 15.8636 | D44: 15.9799 | E44: 15.7591 | F44: -0.0058 | G44: =(C44-C45)/C45 -> -0.0086055508 | H44: =(D44-E44)/E44 -> 0.014010952 | J44: 0.014 | K44: 0.014 | L44: 569 | N44: =L44/$Q$51 -> 0.13464269 | O44: =N44+O43 -> 0.41954567 | P44: Sample Variance | Q44: 5.6933804e-05
A45: 46049 | B45: 15.8638 | C45: 16.0013 | D45: 16.0761 | E45: 15.8519 | F45: -0.0113 | G45: =(C45-C46)/C46 -> -0.0022261021 | H45: =(D45-E45)/E45 -> 0.014143415 | J45: 0.016 | K45: 0.016 | L45: 557 | N45: =L45/$Q$51 -> 0.13180312 | O45: =N45+O44 -> 0.55134879 | P45: Kurtosis | Q45: 14.901152
A46: 46048 | B46: 16.0446 | C46: 16.037 | D46: 16.1136 | E46: 15.936 | F46: -0.0046 | G46: =(C46-C47)/C47 -> -0.0055437047 | H46: =(D46-E46)/E46 -> 0.011144578 | J46: 0.018 | K46: 0.018 | L46: 492 | N46: =L46/$Q$51 -> 0.11642215 | O46: =N46+O45 -> 0.66777094 | P46: Skewness | Q46: 2.4163818
A47: 46045 | B47: 16.1189 | C47: 16.1264 | D47: 16.2218 | E47: 16.0792 | F47: -0.0005 | G47: =(C47-C48)/C48 -> -0.007691645 | H47: =(D47-E47)/E47 -> 0.0088686004 | J47: 0.02 | K47: 0.02 | L47: 385 | N47: =L47/$Q$51 -> 0.091102698 | O47: =N47+O46 -> 0.75887364 | P47: Range | Q47: 0.096791335
A48: 46044 | B48: 16.1264 | C48: 16.2514 | D48: 16.29 | E48: 16.122 | F48: -0.0083 | G48: =(C48-C49)/C49 -> -0.010382477 | H48: =(D48-E48)/E48 -> 0.010420543 | J48: 0.022 | K48: 0.022 | L48: 297 | N48: =L48/$Q$51 -> 0.070279224 | O48: =N48+O47 -> 0.82915286 | P48: Minimum | Q48: 0
A49: 46043 | B49: 16.2608 | C49: 16.4219 | D49: 16.456 | E49: 16.2273 | F49: -0.0099 | G49: =(C49-C50)/C50 -> 0.00095085425 | H49: =(D49-E49)/E49 -> 0.014093534 | J49: 0.024 | K49: 0.024 | L49: 229 | N49: =L49/$Q$51 -> 0.054188358 | O49: =N49+O48 -> 0.88334122 | P49: Maximum | Q49: 0.096791335
A50: 46042 | B50: 16.4229 | C50: 16.4063 | D50: 16.4902 | E50: 16.3651 | F50: 0.0026 | G50: =(C50-C51)/C51 -> -0.0032018956 | H50: =(D50-E50)/E50 -> 0.0076443163 | J50: 0.026 | K50: 0.026 | L50: 124 | N50: =L50/$Q$51 -> 0.029342168 | O50: =N50+O49 -> 0.91268339 | P50: Sum | Q50: 69.551172
A51: 46041 | B51: 16.3808 | C51: 16.459 | D51: 16.4861 | E51: 16.3643 | F51: -0.0015 | G51: =(C51-C52)/C52 -> 0.0074122133 | H51: =(D51-E51)/E51 -> 0.0074430315 | J51: 0.028 | K51: 0.028 | L51: 111 | N51: =L51/$Q$51 -> 0.026265973 | O51: =N51+O50 -> 0.93894936 | P51: Count | Q51: 4226
A52: 46038 | B52: 16.4059 | C52: 16.3379 | D52: 16.4827 | E52: 16.3298 | F52: 0.0034 | G52: =(C52-C53)/C53 -> -0.0043633261 | H52: =(D52-E52)/E52 -> 0.00936325 | J52: 0.03 | K52: 0.03 | L52: 63 | N52: =L52/$Q$51 -> 0.014907714 | O52: =N52+O51 -> 0.95385708
A53: 46037 | B53: 16.3495 | C53: 16.4095 | D53: 16.4309 | E53: 16.3141 | F53: -0.0036 | G53: =(C53-C54)/C54 -> 0.00095767912 | H53: =(D53-E53)/E53 -> 0.007159451 | J53: 0.032 | K53: 0.032 | L53: 59 | N53: =L53/$Q$51 -> 0.013961193 | O53: =N53+O52 -> 0.96781827
A54: 46036 | B54: 16.4087 | C54: 16.3938 | D54: 16.4471 | E54: 16.334 | F54: 0.0008 | G54: =(C54-C55)/C55 -> 0.00023184869 | H54: =(D54-E54)/E54 -> 0.0069242072 | J54: 0.034 | K54: 0.034 | L54: 32 | N54: =L54/$Q$51 -> 0.0075721723 | O54: =N54+O53 -> 0.97539044
A55: 46035 | B55: 16.3957 | C55: 16.39 | D55: 16.471 | E55: 16.3708 | F55: 0.0003 | G55: =(C55-C56)/C56 -> -0.0069916512 | H55: =(D55-E55)/E55 -> 0.0061206538 | J55: 0.036 | K55: 0.036 | L55: 19 | N55: =L55/$Q$51 -> 0.0044959773 | O55: =N55+O54 -> 0.97988642
A56: 46034 | B56: 16.3916 | C56: 16.5054 | D56: 16.5169 | E56: 16.366 | F56: -0.0058 | G56: =(C56-C57)/C57 -> -0.0013855024 | H56: =(D56-E56)/E56 -> 0.0092203348 | J56: 0.038 | K56: 0.038 | L56: 24 | N56: =L56/$Q$51 -> 0.0056791292 | O56: =N56+O55 -> 0.98556555
A57: 46031 | B57: 16.4865 | C57: 16.5283 | D57: 16.5909 | E57: 16.4584 | F57: -0.0025 | G57: =(C57-C58)/C58 -> 0.0043325029 | H57: =(D57-E57)/E57 -> 0.0080506003 | J57: 0.04 | K57: 0.04 | L57: 15 | N57: =L57/$Q$51 -> 0.0035494558 | O57: =N57+O56 -> 0.989115
A58: 46030 | B58: 16.5273 | C58: 16.457 | D58: 16.5623 | E58: 16.4436 | F58: 0.0044 | G58: =(C58-C59)/C59 -> 0.0053145999 | H58: =(D58-E58)/E58 -> 0.0072186139 | K58: More | L58: 46 | N58: =L58/$Q$51 -> 0.010884998 | O58: =N58+O57 -> 1
A59: 46029 | B59: 16.4551 | C59: 16.37 | D59: 16.4882 | E59: 16.3388 | F59: 0.0061 | G59: =(C59-C60)/C60 -> -0.00045794535 | H59: =(D59-E59)/E59 -> 0.0091438784
A60: 46028 | B60: 16.3549 | C60: 16.3775 | D60: 16.4182 | E60: 16.3001 | F60: -0.0007 | G60: =(C60-C61)/C61 -> -0.0072858641 | H60: =(D60-E60)/E60 -> 0.0072453543
A61: 46027 | B61: 16.3665 | C61: 16.4977 | D61: 16.5419 | E61: 16.3524 | F61: -0.0079 | G61: =(C61-C62)/C62 -> -0.0028588697 | H61: =(D61-E61)/E61 -> 0.011588513
A62: 46024 | B62: 16.4966 | C62: 16.545 | D62: 16.5928 | E62: 16.4563 | F62: -0.0009 | G62: =(C62-C63)/C63 -> 0.0020410264 | H62: =(D62-E62)/E62 -> 0.0082946956
A63: 46023 | B63: 16.5113 | C63: 16.5113 | D63: 16.5113 | E63: 16.5113 | F63: -0.0034 | G63: =(C63-C64)/C64 -> -0.0051935532 | H63: =(D63-E63)/E63 -> 0
A64: 46022 | B64: 16.568 | C64: 16.5975 | D64: 16.6371 | E64: 16.5341 | F64: -0.0013 | G64: =(C64-C65)/C65 -> -0.0047133323 | H64: =(D64-E64)/E64 -> 0.0062295498
A65: 46021 | B65: 16.5894 | C65: 16.6761 | D65: 16.7281 | E65: 16.5688 | F65: -0.0051 | G65: =(C65-C66)/C66 -> 0.001820279 | H65: =(D65-E65)/E65 -> 0.0096144561
A66: 46020 | B66: 16.6743 | C66: 16.6458 | D66: 16.7378 | E66: 16.6164 | F66: 0.0004 | G66: =(C66-C67)/C67 -> -0.00055238667 | H66: =(D66-E66)/E66 -> 0.007306035
A67: 46017 | B67: 16.6672 | C67: 16.655 | D67: 16.7041 | E67: 16.6073 | F67: 0.0007 | G67: =(C67-C68)/C68 -> -0.00061805068 | H67: =(D67-E67)/E67 -> 0.0058287621
A68: 46016 | B68: 16.6549 | C68: 16.6653 | D68: 16.6926 | E68: 16.6405 | F68: -0.0005 | G68: =(C68-C69)/C69 -> -0.001144782 | H68: =(D68-E68)/E68 -> 0.0031309155
A69: 46015 | B69: 16.663 | C69: 16.6844 | D69: 16.7077 | E69: 16.6062 | F69: -0.0011 | G69: =(C69-C70)/C70 -> -0.0014603083 | H69: =(D69-E69)/E69 -> 0.006112175
A70: 46014 | B70: 16.6819 | C70: 16.7088 | D70: 16.7295 | E70: 16.6626 | F70: -0.0018 | G70: =(C70-C71)/C71 -> -0.0036612563 | H70: =(D70-E70)/E70 -> 0.0040149797
... A4236: 40182 | B4236: 7.28 | C4236: 7.442 | D4236: 7.5413 | E4236: 7.256 | F4236: -0.0121 | G4236: =(C4236-C4237)/C4237 -> 0.0071728245 | H4236: =(D4236-E4236)/E4236 -> 0.039319184
A4237: 40179 | B4237: 7.369 | C4237: 7.389 | D4237: 7.3965 | E4237: 7.374 | F4237: -0.0028 | H4237: =(D4237-E4237)/E4237 -> 0.0030512612

Sheet USDTRY
I1: open to open | J1: average ret | K1: =SUBTOTAL(1,G12:G4236) -> -0.00075515784 | M1: av post ret | N1: 0.0052666123 | P1: POST COUNT | Q1: 1823 | R1: =Q1/$R$25 -> 0.43147929 | S1: ADJ AV POS RET | T1: =N1*R1 -> 0.0022724341 | V1: STD DEV | W1: 1 | X1: 2 | Y1: 3 | AB1: STD DEV 2 | AC1: ACTUAL | AD1: ACTUAL % | AE1: NORMAL | AF1: NORMAL%
J2: count | K2: =SUBTOTAL(2,G12:G4236) -> 4225 | M2: ave neg ret | N2: -0.0053454142 | P2: NEG COUNT | Q2: 2393 | R2: =Q2/$R$25 -> 0.56639053 | S2: ADJ AV NEGT RET | T2: =N2*R2 -> -0.003027592 | V2: UPPER | W2: =R13+(1*R17) -> 0.0088158796 | X2: =R13+(2*R17) -> 0.018386917 | Y2: =R13+(3*R17) -> 0.027957954 | AB2: 1 | AC2: 3595 | AD2: =AC2/$R$25 -> 0.85088757 | AE2: =AF2*$R$25 -> 2881.45 | AF2: 0.682
P3: 0 COUNT | Q3: =R25-Q1-Q2 -> 9 | R3: =Q3/$R$25 -> 0.0021301775 | V3: LOWER | W3: =R13+(-1*R17) -> -0.010326195 | X3: =R13+(-2*R17) -> -0.019897233 | Y3: =R13+(-3*R17) -> -0.02946827 | AB3: 2 | AC3: 4098 | AD3: =AC3/$R$25 -> 0.96994083 | AE3: =AF3*$R$25 -> 4030.65 | AF3: 0.954
AB4: 3 | AC4: 4172 | AD4: =AC4/$R$25 -> 0.98745562 | AE4: =AF4*$R$25 -> 4216.55 | AF4: 0.998
A11: Date | B11: Price | C11: Open | D11: High | E11: Low | F11: Change % | G11: OPEN TO OPEN | H11: HIGH TO LOW | J11: INTERVALS | K11: Bin | L11: Frequency | M11: text labels | N11: probabilities | O11: cumulative probabilities | Q11: Column1
A12: 40179 | B12: 1.4971 | C12: 1.4975 | D12: 1.507 | E12: 1.4964 | F12: 0.0014 | G12: =(C12-C13)/C13 -> 0.00073509757 | H12: =(D12-E12)/E12 -> 0.0070836675 | J12: -0.03 | K12: -0.03 | L12: 32 | M12: =TEXT(J12,"0.00%")&" TO "&TEXT(J13,"0.00%") -> -3.00% TO -2.70% | N12: =L12/$R$25 -> 0.0075739645 | O12: =N12 -> 0.0075739645
A13: 40182 | B13: 1.4732 | C13: 1.4964 | D13: 1.5014 | E13: 1.4699 | F13: -0.016 | G13: =(C13-C14)/C14 -> 0.014990165 | H13: =(D13-E13)/E13 -> 0.021430029 | J13: -0.027 | K13: -0.027 | L13: 8 | M13: =TEXT(J13,"0.00%")&" TO "&TEXT(J14,"0.00%") -> -2.70% TO -2.40% | N13: =L13/$R$25 -> 0.0018934911 | O13: =N13+O12 -> 0.0094674556 | Q13: Mean | R13: -0.00075515784
A14: 40183 | B14: 1.4723 | C14: 1.4743 | D14: 1.4818 | E14: 1.4636 | F14: -0.0006 | G14: =(C14-C15)/C15 -> 0.00061083209 | H14: =(D14-E14)/E14 -> 0.012435092 | J14: -0.024 | K14: -0.024 | L14: 9 | M14: =TEXT(J14,"0.00%")&" TO "&TEXT(J15,"0.00%") -> -2.40% TO -2.10% | N14: =L14/$R$25 -> 0.0021301775 | O14: =N14+O13 -> 0.011597633 | Q14: Standard Error | R14: 0.00014724673
A15: 40184 | B15: 1.4722 | C15: 1.4734 | D15: 1.4837 | E15: 1.4684 | F15: -0.0001 | G15: =(C15-C16)/C16 -> 0.00067916327 | H15: =(D15-E15)/E15 -> 0.010419504 | J15: -0.021 | K15: -0.021 | L15: 14 | M15: =TEXT(J15,"0.00%")&" TO "&TEXT(J16,"0.00%") -> -2.10% TO -1.80% | N15: =L15/$R$25 -> 0.0033136095 | O15: =N15+O14 -> 0.014911243 | Q15: Median | R15: -0.00050605495
A16: 40185 | B16: 1.4716 | C16: 1.4724 | D16: 1.485 | E16: 1.4678 | F16: -0.0004 | G16: =(C16-C17)/C17 -> -0.00013581421 | H16: =(D16-E16)/E16 -> 0.011718218 | J16: -0.018 | K16: -0.018 | L16: 39 | M16: =TEXT(J16,"0.00%")&" TO "&TEXT(J17,"0.00%") -> -1.80% TO -1.50% | N16: =L16/$R$25 -> 0.0092307692 | O16: =N16+O15 -> 0.024142012 | Q16: Mode | R16: 0
A17: 40186 | B17: 1.459 | C17: 1.4726 | D17: 1.4765 | E17: 1.4563 | F17: -0.0086 | G17: =(C17-C18)/C18 -> 0.0084919874 | H17: =(D17-E17)/E17 -> 0.013870768 | J17: -0.015 | K17: -0.015 | L17: 56 | M17: =TEXT(J17,"0.00%")&" TO "&TEXT(J18,"0.00%") -> -1.50% TO -1.20% | N17: =L17/$R$25 -> 0.013254438 | O17: =N17+O16 -> 0.03739645 | Q17: Standard Deviation | R17: 0.0095710374
A18: 40189 | B18: 1.4499 | C18: 1.4602 | D18: 1.4657 | E18: 1.4465 | F18: -0.0062 | G18: =(C18-C19)/C19 -> 0.0072428778 | H18: =(D18-E18)/E18 -> 0.013273419 | J18: -0.012 | K18: -0.012 | L18: 93 | M18: =TEXT(J18,"0.00%")&" TO "&TEXT(J19,"0.00%") -> -1.20% TO -0.90% | N18: =L18/$R$25 -> 0.022011834 | O18: =N18+O17 -> 0.059408284 | Q18: Sample Variance | R18: 9.1604757e-05
A19: 40190 | B19: 1.4529 | C19: 1.4497 | D19: 1.4682 | E19: 1.4482 | F19: 0.0021 | G19: =(C19-C20)/C20 -> -0.0031630338 | H19: =(D19-E19)/E19 -> 0.013810247 | J19: -0.009 | K19: -0.009 | L19: 153 | M19: =TEXT(J19,"0.00%")&" TO "&TEXT(J20,"0.00%") -> -0.90% TO -0.60% | N19: =L19/$R$25 -> 0.036213018 | O19: =N19+O18 -> 0.095621302 | Q19: Kurtosis | R19: 105.868
A20: 40191 | B20: 1.452 | C20: 1.4543 | D20: 1.461 | E20: 1.4433 | F20: -0.0006 | G20: =(C20-C21)/C21 -> 0.0012392427 | H20: =(D20-E20)/E20 -> 0.012263563 | J20: -0.006 | K20: -0.006 | L20: 308 | M20: =TEXT(J20,"0.00%")&" TO "&TEXT(J21,"0.00%") -> -0.60% TO -0.30% | N20: =L20/$R$25 -> 0.072899408 | O20: =N20+O19 -> 0.16852071 | Q20: Skewness | R20: 2.136925
A21: 40192 | B21: 1.4511 | C21: 1.4525 | D21: 1.4673 | E21: 1.4464 | F21: -0.0006 | G21: =(C21-C22)/C22 -> -0.0016495979 | H21: =(D21-E21)/E21 -> 0.014449668 | J21: -0.003 | K21: -0.003 | L21: 491 | M21: =TEXT(J21,"0.00%")&" TO "&TEXT(J22,"0.00%") -> -0.30% TO 0.00% | N21: =L21/$R$25 -> 0.11621302 | O21: =N21+O20 -> 0.28473373 | Q21: Range | R21: 0.36811409
A22: 40193 | B22: 1.4563 | C22: 1.4549 | D22: 1.4675 | E22: 1.4496 | F22: 0.0036 | G22: =(C22-C23)/C23 -> -0.0042433783 | H22: =(D22-E22)/E22 -> 0.012348234 | J22: 0 | K22: 0 | L22: 1199 | M22: =TEXT(J22,"0.00%")&" TO "&TEXT(J23,"0.00%") -> 0.00% TO 0.30% | N22: =L22/$R$25 -> 0.28378698 | O22: =N22+O21 -> 0.56852071 | Q22: Minimum | R22: -0.13625039
A23: 40196 | B23: 1.4467 | C23: 1.4611 | D23: 1.4638 | E23: 1.4473 | F23: -0.0066 | G23: =(C23-C24)/C24 -> 0.006405841 | H23: =(D23-E23)/E23 -> 0.011400539 | J23: 0.003 | K23: 0.003 | L23: 833 | M23: =TEXT(J23,"0.00%")&" TO "&TEXT(J24,"0.00%") -> 0.30% TO 0.60% | N23: =L23/$R$25 -> 0.19715976 | O23: =N23+O22 -> 0.76568047 | Q23: Maximum | R23: 0.2318637
A24: 40197 | B24: 1.4554 | C24: 1.4518 | D24: 1.4695 | E24: 1.4476 | F24: 0.006 | G24: =(C24-C25)/C25 -> -0.0039108062 | H24: =(D24-E24)/E24 -> 0.015128489 | J24: 0.006 | K24: 0.006 | L24: 465 | M24: =TEXT(J24,"0.00%")&" TO "&TEXT(J25,"0.00%") -> 0.60% TO 0.90% | N24: =L24/$R$25 -> 0.11005917 | O24: =N24+O23 -> 0.87573964 | Q24: Sum | R24: -3.1905419
A25: 40198 | B25: 1.4739 | C25: 1.4575 | D25: 1.4789 | E25: 1.4536 | F25: 0.0127 | G25: =(C25-C26)/C26 -> -0.013068797 | H25: =(D25-E25)/E25 -> 0.017405063 | J25: 0.009 | K25: 0.009 | L25: 228 | M25: =TEXT(J25,"0.00%")&" TO "&TEXT(J26,"0.00%") -> 0.90% TO 1.20% | N25: =L25/$R$25 -> 0.053964497 | O25: =N25+O24 -> 0.92970414 | Q25: Count | R25: 4225
A26: 40199 | B26: 1.486 | C26: 1.4768 | D26: 1.4919 | E26: 1.4678 | F26: 0.0082 | G26: =(C26-C27)/C27 -> -0.0071265295 | H26: =(D26-E26)/E26 -> 0.016419131 | J26: 0.012 | K26: 0.012 | L26: 144 | M26: =TEXT(J26,"0.00%")&" TO "&TEXT(J27,"0.00%") -> 1.20% TO 1.50% | N26: =L26/$R$25 -> 0.03408284 | O26: =N26+O25 -> 0.96378698
A27: 40200 | B27: 1.4875 | C27: 1.4874 | D27: 1.504 | E27: 1.4764 | F27: 0.001 | G27: =(C27-C28)/C28 -> -0.0019459169 | H27: =(D27-E27)/E27 -> 0.018694121 | J27: 0.015 | K27: 0.015 | L27: 54 | M27: =TEXT(J27,"0.00%")&" TO "&TEXT(J28,"0.00%") -> 1.50% TO 1.80% | N27: =L27/$R$25 -> 0.012781065 | O27: =N27+O26 -> 0.97656805
A28: 40203 | B28: 1.4812 | C28: 1.4903 | D28: 1.4943 | E28: 1.4793 | F28: -0.0042 | G28: =(C28-C29)/C29 -> 0.0039746699 | H28: =(D28-E28)/E28 -> 0.010139931 | J28: 0.018 | K28: 0.018 | L28: 39 | M28: =TEXT(J28,"0.00%")&" TO "&TEXT(J29,"0.00%") -> 1.80% TO 2.10% | N28: =L28/$R$25 -> 0.0092307692 | O28: =N28+O27 -> 0.98579882
A29: 40204 | B29: 1.4857 | C29: 1.4844 | D29: 1.5073 | E29: 1.4836 | F29: 0.003 | G29: =(C29-C30)/C30 -> -0.0046935765 | H29: =(D29-E29)/E29 -> 0.015974656 | J29: 0.021 | K29: 0.021 | L29: 19 | M29: =TEXT(J29,"0.00%")&" TO "&TEXT(J30,"0.00%") -> 2.10% TO 2.40% | N29: =L29/$R$25 -> 0.0044970414 | O29: =N29+O28 -> 0.99029586
A30: 40205 | B30: 1.4959 | C30: 1.4914 | D30: 1.5078 | E30: 1.4864 | F30: 0.0069 | G30: =(C30-C31)/C31 -> -0.0056670445 | H30: =(D30-E30)/E30 -> 0.014397201 | J30: 0.024 | K30: 0.024 | L30: 15 | M30: =TEXT(J30,"0.00%")&" TO "&TEXT(J31,"0.00%") -> 2.40% TO 2.70% | N30: =L30/$R$25 -> 0.0035502959 | O30: =N30+O29 -> 0.99384615
A31: 40206 | B31: 1.493 | C31: 1.4999 | D31: 1.5036 | E31: 1.4869 | F31: -0.0019 | G31: =(C31-C32)/C32 -> 0.0038147504 | H31: =(D31-E31)/E31 -> 0.011231421 | J31: 0.027 | K31: 0.027 | L31: 5 | M31: =TEXT(J31,"0.00%")&" TO "&TEXT(J32,"0.00%") -> 2.70% TO 3.00% | N31: =L31/$R$25 -> 0.001183432 | O31: =N31+O30 -> 0.99502959
A32: 40207 | B32: 1.4963 | C32: 1.4942 | D32: 1.5014 | E32: 1.481 | F32: 0.0022 | G32: =(C32-C33)/C33 -> -0.00086927449 | H32: =(D32-E32)/E32 -> 0.013774477 | J32: 0.03 | K32: 0.03 | L32: 4 | N32: =L32/$R$25 -> 0.00094674556 | O32: =N32+O31 -> 0.99597633
A33: 40210 | B33: 1.4807 | C33: 1.4955 | D33: 1.4978 | E33: 1.4804 | F33: -0.0104 | G33: =(C33-C34)/C34 -> 0.0093817495 | H33: =(D33-E33)/E33 -> 0.01175358 | K33: More | L33: 17 | N33: =L33/$R$25 -> 0.0040236686 | O33: =N33+O32 -> 1
A34: 40211 | B34: 1.4869 | C34: 1.4816 | D34: 1.4944 | E34: 1.4781 | F34: 0.0042 | G34: =(C34-C35)/C35 -> -0.0038994218 | H34: =(D34-E34)/E34 -> 0.011027671
A35: 40212 | B35: 1.4936 | C35: 1.4874 | D35: 1.4951 | E35: 1.4749 | F35: 0.0045 | G35: =(C35-C36)/C36 -> -0.0042177144 | H35: =(D35-E35)/E35 -> 0.013695844
A36: 40213 | B36: 1.5163 | C36: 1.4937 | D36: 1.5168 | E36: 1.4904 | F36: 0.0152 | G36: =(C36-C37)/C37 -> -0.015618822 | H36: =(D36-E36)/E36 -> 0.017713366
A37: 40214 | B37: 1.5278 | C37: 1.5174 | D37: 1.5381 | E37: 1.5095 | F37: 0.0076 | G37: =(C37-C38)/C38 -> -0.0093360319 | H37: =(D37-E37)/E37 -> 0.018946671
A38: 40217 | B38: 1.5226 | C38: 1.5317 | D38: 1.5332 | E38: 1.5133 | F38: -0.0034 | G38: =(C38-C39)/C39 -> 0.0060426929 | H38: =(D38-E38)/E38 -> 0.013150069 | J38: INTERVALS | K38: Bin | L38: Frequency | N38: PROBABILITIES | O38: CUMULATIVE PROBABILITIES | Q38: Column1
A39: 40218 | B39: 1.5086 | C39: 1.5225 | D39: 1.525 | E39: 1.5041 | F39: -0.0092 | G39: =(C39-C40)/C40 -> 0.010017248 | H39: =(D39-E39)/E39 -> 0.013895353 | J39: 0.002 | K39: 0.002 | L39: 4 | N39: =L39/$R$52 -> 0.00094652153 | O39: =N39 -> 0.00094652153
A40: 40219 | B40: 1.516 | C40: 1.5074 | D40: 1.5218 | E40: 1.5028 | F40: 0.0049 | G40: =(C40-C41)/C41 -> -0.0047537304 | H40: =(D40-E40)/E40 -> 0.012643066 | J40: 0.004 | K40: 0.004 | L40: 51 | N40: =L40/$R$52 -> 0.01206815 | O40: =N40+O39 -> 0.013014671 | Q40: Mean | R40: 0.013987306
A41: 40220 | B41: 1.5069 | C41: 1.5146 | D41: 1.5227 | E41: 1.5058 | F41: -0.006 | G41: =(C41-C42)/C42 -> 0.0017195767 | H41: =(D41-E41)/E41 -> 0.01122327 | J41: 0.006 | K41: 0.006 | L41: 223 | N41: =L41/$R$52 -> 0.052768575 | O41: =N41+O40 -> 0.065783247 | Q41: Standard Error | R41: 0.00020510165
A42: 40221 | B42: 1.5132 | C42: 1.512 | D42: 1.5272 | E42: 1.5077 | F42: 0.0042 | G42: =(C42-C43)/C43 -> -0.0025727291 | H42: =(D42-E42)/E42 -> 0.012933607 | J42: 0.008 | K42: 0.008 | L42: 559 | N42: =L42/$R$52 -> 0.13227638 | O42: =N42+O41 -> 0.19805963 | Q42: Median | R42: 0.011465554
A43: 40224 | B43: 1.5161 | C43: 1.5159 | D43: 1.5219 | E43: 1.5112 | F43: 0.0019 | G43: =(C43-C44)/C44 -> -0.00065923924 | H43: =(D43-E43)/E43 -> 0.0070804659 | J43: 0.01 | K43: 0.01 | L43: 738 | N43: =L43/$R$52 -> 0.17463322 | O43: =N43+O42 -> 0.37269285 | Q43: Mode | R43: 0.0099118943
A44: 40225 | B44: 1.5054 | C44: 1.5169 | D44: 1.5191 | E44: 1.5028 | F44: -0.0071 | G44: =(C44-C45)/C45 -> 0.0074384007 | H44: =(D44-E44)/E44 -> 0.01084642 | J44: 0.012 | K44: 0.012 | L44: 739 | N44: =L44/$R$52 -> 0.17486985 | O44: =N44+O43 -> 0.54756271 | Q44: Standard Deviation | R44: 0.013333185
A45: 40226 | B45: 1.5121 | C45: 1.5057 | D45: 1.5172 | E45: 1.4997 | F45: 0.0045 | G45: =(C45-C46)/C46 -> -0.0045616819 | H45: =(D45-E45)/E45 -> 0.011669 | J45: 0.014 | K45: 0.014 | L45: 561 | N45: =L45/$R$52 -> 0.13274965 | O45: =N45+O44 -> 0.68031235 | Q45: Sample Variance | R45: 0.00017777382
A46: 40227 | B46: 1.5165 | C46: 1.5126 | D46: 1.5258 | E46: 1.509 | F46: 0.0029 | G46: =(C46-C47)/C47 -> -0.0029004614 | H46: =(D46-E46)/E46 -> 0.011133201 | J46: 0.016 | K46: 0.016 | L46: 403 | N46: =L46/$R$52 -> 0.095362044 | O46: =N46+O45 -> 0.7756744 | Q46: Kurtosis | R46: 178.2458
A47: 40228 | B47: 1.5076 | C47: 1.517 | D47: 1.5371 | E47: 1.5094 | F47: -0.0059 | G47: =(C47-C48)/C48 -> 0.0041702522 | H47: =(D47-E47)/E47 -> 0.018351663 | J47: 0.018 | K47: 0.018 | L47: 247 | N47: =L47/$R$52 -> 0.058447705 | O47: =N47+O46 -> 0.8341221 | Q47: Skewness | R47: 10.282282
A48: 40231 | B48: 1.5293 | C48: 1.5107 | D48: 1.5329 | E48: 1.5075 | F48: 0.0144 | G48: =(C48-C49)/C49 -> -0.012485292 | H48: =(D48-E48)/E48 -> 0.016849088 | J48: 0.02 | K48: 0.02 | L48: 175 | N48: =L48/$R$52 -> 0.041410317 | O48: =N48+O47 -> 0.87553242 | Q48: Range | R48: 0.35999408
A49: 40232 | B49: 1.5507 | C49: 1.5298 | D49: 1.5527 | E49: 1.5189 | F49: 0.014 | G49: =(C49-C50)/C50 -> -0.014050013 | H49: =(D49-E49)/E49 -> 0.022252946 | J49: 0.022 | K49: 0.022 | L49: 110 | N49: =L49/$R$52 -> 0.026029342 | O49: =N49+O48 -> 0.90156176 | Q49: Minimum | R49: 0
A50: 40233 | B50: 1.5422 | C50: 1.5516 | D50: 1.5603 | E50: 1.5388 | F50: -0.0055 | G50: =(C50-C51)/C51 -> 0.0062256809 | H50: =(D50-E50)/E50 -> 0.013971926 | J50: 0.024 | K50: 0.024 | L50: 91 | N50: =L50/$R$52 -> 0.021533365 | O50: =N50+O49 -> 0.92309513 | Q50: Maximum | R50: 0.35999408
A51: 40234 | B51: 1.5471 | C51: 1.542 | D51: 1.5651 | E51: 1.5403 | F51: 0.0032 | G51: =(C51-C52)/C52 -> -0.0026518336 | H51: =(D51-E51)/E51 -> 0.01610076 | J51: 0.026 | K51: 0.026 | L51: 64 | N51: =L51/$R$52 -> 0.015144345 | O51: =N51+O50 -> 0.93823947 | Q51: Sum | R51: 59.110357
A52: 40235 | B52: 1.5415 | C52: 1.5461 | D52: 1.5554 | E52: 1.5335 | F52: -0.0036 | G52: =(C52-C53)/C53 -> -0.0032877772 | H52: =(D52-E52)/E52 -> 0.014281056 | J52: 0.028 | K52: 0.028 | L52: 45 | N52: =L52/$R$52 -> 0.010648367 | O52: =N52+O51 -> 0.94888784 | Q52: Count | R52: 4226
A53: 40238 | B53: 1.5356 | C53: 1.5512 | D53: 1.5532 | E53: 1.5353 | F53: -0.0038 | G53: =(C53-C54)/C54 -> 0.011146601 | H53: =(D53-E53)/E53 -> 0.011658959 | J53: 0.03 | K53: 0.03 | L53: 40 | N53: =L53/$R$52 -> 0.0094652153 | O53: =N53+O52 -> 0.95835305
A54: 40239 | B54: 1.5343 | C54: 1.5341 | D54: 1.5487 | E54: 1.5297 | F54: -0.0008 | G54: =(C54-C55)/C55 -> 0.00052175047 | H54: =(D54-E54)/E54 -> 0.012420736 | J54: 0.032 | K54: 0.032 | L54: 27 | N54: =L54/$R$52 -> 0.0063890204 | O54: =N54+O53 -> 0.96474207
A55: 40240 | B55: 1.5375 | C55: 1.5333 | D55: 1.545 | E55: 1.531 | F55: 0.0021 | G55: =(C55-C56)/C56 -> -0.001822798 | H55: =(D55-E55)/E55 -> 0.0091443501 | J55: 0.034 | K55: 0.034 | L55: 21 | N55: =L55/$R$52 -> 0.0049692381 | O55: =N55+O54 -> 0.96971131
A56: 40241 | B56: 1.551 | C56: 1.5361 | D56: 1.5552 | E56: 1.5346 | F56: 0.0088 | G56: =(C56-C57)/C57 -> -0.0081998967 | H56: =(D56-E56)/E56 -> 0.013423693 | J56: 0.036 | K56: 0.036 | L56: 11 | N56: =L56/$R$52 -> 0.0026029342 | O56: =N56+O55 -> 0.97231425
A57: 40242 | B57: 1.533 | C57: 1.5488 | D57: 1.5551 | E57: 1.5356 | F57: -0.0116 | G57: =(C57-C58)/C58 -> 0.0065639826 | H57: =(D57-E57)/E57 -> 0.012698619 | J57: 0.038 | K57: 0.038 | L57: 12 | N57: =L57/$R$52 -> 0.0028395646 | O57: =N57+O56 -> 0.97515381
A58: 40245 | B58: 1.5315 | C58: 1.5387 | D58: 1.5455 | E58: 1.5238 | F58: -0.001 | G58: =(C58-C59)/C59 -> 0.0043733681 | H58: =(D58-E58)/E58 -> 0.014240714 | J58: 0.04 | K58: 0.04 | L58: 12 | N58: =L58/$R$52 -> 0.0028395646 | O58: =N58+O57 -> 0.97799337
A59: 40246 | B59: 1.5331 | C59: 1.532 | D59: 1.5468 | E59: 1.5292 | F59: 0.001 | G59: =(C59-C60)/C60 -> -0.0014990549 | H59: =(D59-E59)/E59 -> 0.011509286 | K59: More | L59: 93 | N59: =L59/$R$52 -> 0.022006626 | O59: =N59+O58 -> 1
A60: 40247 | B60: 1.5306 | C60: 1.5343 | D60: 1.5453 | E60: 1.5286 | F60: -0.0016 | G60: =(C60-C61)/C61 -> 0.0015013055 | H60: =(D60-E60)/E60 -> 0.010925029
A61: 40248 | B61: 1.5274 | C61: 1.532 | D61: 1.5413 | E61: 1.5303 | F61: -0.0021 | G61: =(C61-C62)/C62 -> -0.00052192067 | H61: =(D61-E61)/E61 -> 0.007188133
A62: 40249 | B62: 1.5281 | C62: 1.5328 | D62: 1.5384 | E62: 1.5223 | F62: 0.0005 | G62: =(C62-C63)/C63 -> 0.0034697218 | H62: =(D62-E62)/E62 -> 0.010576102
A63: 40252 | B63: 1.5276 | C63: 1.5275 | D63: 1.536 | E63: 1.5225 | F63: -0.0003 | G63: =(C63-C64)/C64 -> -0.0018297066 | H63: =(D63-E63)/E63 -> 0.0088669951
A64: 40253 | B64: 1.5159 | C64: 1.5303 | D64: 1.535 | E64: 1.5192 | F64: -0.0077 | G64: =(C64-C65)/C65 -> 0.0065114444 | H64: =(D64-E64)/E64 -> 0.010400211
A65: 40254 | B65: 1.5123 | C65: 1.5204 | D65: 1.5239 | E65: 1.51 | F65: -0.0024 | G65: =(C65-C66)/C66 -> 0.0046253469 | H65: =(D65-E65)/E65 -> 0.009205298
A66: 40255 | B66: 1.5258 | C66: 1.5134 | D66: 1.5408 | E66: 1.5099 | F66: 0.0089 | G66: =(C66-C67)/C67 -> -0.007411294 | H66: =(D66-E66)/E66 -> 0.020464931
A67: 40256 | B67: 1.5358 | C67: 1.5247 | D67: 1.5404 | E67: 1.523 | F67: 0.0066 | G67: =(C67-C68)/C68 -> -0.0072921414 | H67: =(D67-E67)/E67 -> 0.011424819
A68: 40259 | B68: 1.5376 | C68: 1.5359 | D68: 1.556 | E68: 1.5334 | F68: 0.0012 | G68: =(C68-C69)/C69 -> -0.00045555122 | H68: =(D68-E68)/E68 -> 0.01473849
A69: 40260 | B69: 1.5359 | C69: 1.5366 | D69: 1.5503 | E69: 1.532 | F69: -0.0011 | G69: =(C69-C70)/C70 -> -0.00091027308 | H69: =(D69-E69)/E69 -> 0.01194517
A70: 40261 | B70: 1.5512 | C70: 1.538 | D70: 1.5549 | E70: 1.5313 | F70: 0.01 | G70: =(C70-C71)/C71 -> -0.0073576868 | H70: =(D70-E70)/E70 -> 0.015411742
A71: 40262 | B71: 1.5395 | C71: 1.5494 | D71: 1.5533 | E71: 1.5334 | F71: -0.0075 | G71: =(C71-C72)/C72 -> 0.0042128459 | H71: =(D71-E71)/E71 -> 0.012977697
... A4236: 46093 | B4236: 44.1276 | C4236: 44.0813 | D4236: 44.304 | E4236: 43.9628 | F4236: 0.0011 | G4236: =(C4236-C4237)/C4237 -> -0.0014927334 | H4236: =(D4236-E4236)/E4236 -> 0.0077611071
A4237: 46094 | B4237: 44.202 | C4237: 44.1472 | D4237: 44.3358 | E4237: 43.9818 | F4237: 0.0017 | H4237: =(D4237-E4237)/E4237 -> 0.0080487838

Sheet USDCNH
I1: open to open | J1: average ret | K1: =SUBTOTAL(1,G12:G3311) -> -3.0835462e-05 | M1: ave post ret | N1: 0.0019183996 | P1: POST COUNT | Q1: 1613 | R1: =Q1/$R$25 -> 0.48878788 | S1: ADJ AV POST RET | T1: =N1*R1 -> 0.00093769048 | V1: STD DEV | W1: 1 | X1: 2 | Y1: 3 | AB1: STD DEV 2 | AC1: ACTUAL | AD1: ACTUAL % | AE1: NORMAL | AF1: NORMAL%
J2: count | K2: =SUBTOTAL(2,G12:G3311) -> 3300 | M2: aveg neg ret | N2: -0.0019070022 | P2: NEG COUNT | Q2: 1676 | R2: =Q2/$R$25 -> 0.50787879 | S2: ADJ AV NEG RET | T2: =N2*R2 -> -0.00096852594 | V2: UPPER | W2: =R13+(1*R17) -> 0.0028479118 | X2: =R13+(2*R17) -> 0.0056570963 | Y2: =R13+(3*R17) -> 0.0084662808 | AB2: 1 | AC2: 2578 | AD2: =AC2/$R$25 -> 0.78121212 | AE2: =AF2*$R$25 -> 2250.6 | AF2: 0.682
P3: 0 COUNT | Q3: =R25-Q1-Q2 -> 11 | R3: =Q3/$R$25 -> 0.0033333333 | V3: LOWER | W3: =R13+(-1*R17) -> -0.0027704572 | X3: =R13+(-2*R17) -> -0.0055796416 | Y3: =R13+(-3*R17) -> -0.0083888261 | AB3: 2 | AC3: 3118 | AD3: =AC3/$R$25 -> 0.94484848 | AE3: =AF3*$R$25 -> 3148.2 | AF3: 0.954
AB4: 3 | AC4: 3250 | AD4: =AC4/$R$25 -> 0.98484848 | AE4: =AF4*$R$25 -> 3293.4 | AF4: 0.998
A11: Date | B11: Price | C11: Open | D11: High | E11: Low | F11: Change % | G11: OPEN TO OPEN | H11: HIGH TO LOW | J11: INTERVALS | K11: Bin | L11: Frequency | M11: TEXT LABELS | N11: probabilities | O11: cumulative | Q11: Column1
A12: 41473 | B12: 6.1405 | C12: 6.1352 | D12: 6.1443 | E12: 6.1352 | F12: 0.0006 | G12: =(C12-C13)/C13 -> -0.00061899332 | H12: =(D12-E12)/E12 -> 0.0014832442 | J12: -0.03 | K12: -0.03 | L12: 0 | M12: =TEXT(J12,"0.00%")&" TO "&TEXT(J13,"0.00%") -> -3.00% TO -2.70% | N12: =L12/$R$25 -> 0 | O12: =N12 -> 0
A13: 41474 | B13: 6.1346 | C13: 6.139 | D13: 6.1443 | E13: 6.133 | F13: -0.001 | G13: =(C13-C14)/C14 -> 0.00081512879 | H13: =(D13-E13)/E13 -> 0.0018424914 | J13: -0.027 | K13: -0.027 | L13: 0 | M13: =TEXT(J13,"0.00%")&" TO "&TEXT(J14,"0.00%") -> -2.70% TO -2.40% | N13: =L13/$R$25 -> 0 | O13: =N13+O12 -> 0 | Q13: Mean | R13: 3.8727317e-05
A14: 41477 | B14: 6.1355 | C14: 6.134 | D14: 6.139 | E14: 6.132 | F14: 0.0001 | G14: =(C14-C15)/C15 -> -0.0001304036 | H14: =(D14-E14)/E14 -> 0.0011415525 | J14: -0.024 | K14: -0.024 | L14: 0 | M14: =TEXT(J14,"0.00%")&" TO "&TEXT(J15,"0.00%") -> -2.40% TO -2.10% | N14: =L14/$R$25 -> 0 | O14: =N14+O13 -> 0 | Q14: Standard Error | R14: 4.8901625e-05
A15: 41478 | B15: 6.1344 | C15: 6.1348 | D15: 6.1389 | E15: 6.1329 | F15: -0.0002 | G15: =(C15-C16)/C16 -> 0.00022825839 | H15: =(D15-E15)/E15 -> 0.00097832999 | J15: -0.021 | K15: -0.021 | L15: 0 | M15: =TEXT(J15,"0.00%")&" TO "&TEXT(J16,"0.00%") -> -2.10% TO -1.80% | N15: =L15/$R$25 -> 0 | O15: =N15+O14 -> 0 | Q15: Median | R15: 4.868699e-05
A16: 41479 | B16: 6.1352 | C16: 6.1334 | D16: 6.1367 | E16: 6.1322 | F16: 0.0001 | G16: =(C16-C17)/C17 -> -0.00013041635 | H16: =(D16-E16)/E16 -> 0.00073383125 | J16: -0.018 | K16: -0.018 | L16: 1 | M16: =TEXT(J16,"0.00%")&" TO "&TEXT(J17,"0.00%") -> -1.80% TO -1.50% | N16: =L16/$R$25 -> 0.0003030303 | O16: =N16+O15 -> 0.0003030303 | Q16: Mode | R16: 0
A17: 41480 | B17: 6.1361 | C17: 6.1342 | D17: 6.1385 | E17: 6.1333 | F17: 0.0001 | G17: =(C17-C18)/C18 -> -0.00021188167 | H17: =(D17-E17)/E17 -> 0.00084783069 | J17: -0.015 | K17: -0.015 | L17: 2 | M17: =TEXT(J17,"0.00%")&" TO "&TEXT(J18,"0.00%") -> -1.50% TO -1.20% | N17: =L17/$R$25 -> 0.00060606061 | O17: =N17+O16 -> 0.00090909091 | Q17: Standard Deviation | R17: 0.0028091845
A18: 41481 | B18: 6.1357 | C18: 6.1355 | D18: 6.1364 | E18: 6.1322 | F18: -0.0001 | G18: =(C18-C19)/C19 -> 0.00024453864 | H18: =(D18-E18)/E18 -> 0.00068490917 | J18: -0.012 | K18: -0.012 | L18: 10 | M18: =TEXT(J18,"0.00%")&" TO "&TEXT(J19,"0.00%") -> -1.20% TO -0.90% | N18: =L18/$R$25 -> 0.003030303 | O18: =N18+O17 -> 0.0039393939 | Q18: Sample Variance | R18: 7.8915175e-06
A19: 41484 | B19: 6.1348 | C19: 6.134 | D19: 6.1375 | E19: 6.132 | F19: -0.0001 | G19: =(C19-C20)/C20 -> 0.00011413106 | H19: =(D19-E19)/E19 -> 0.00089693412 | J19: -0.009 | K19: -0.009 | L19: 10 | M19: =TEXT(J19,"0.00%")&" TO "&TEXT(J20,"0.00%") -> -0.90% TO -0.60% | N19: =L19/$R$25 -> 0.003030303 | O19: =N19+O18 -> 0.006969697 | Q19: Kurtosis | R19: 7.6277481
A20: 41485 | B20: 6.135 | C20: 6.1333 | D20: 6.1391 | E20: 6.1315 | F20: 0 | G20: =(C20-C21)/C21 -> -0.00011411803 | H20: =(D20-E20)/E20 -> 0.0012395009 | J20: -0.006 | K20: -0.006 | L20: 50 | M20: =TEXT(J20,"0.00%")&" TO "&TEXT(J21,"0.00%") -> -0.60% TO -0.30% | N20: =L20/$R$25 -> 0.015151515 | O20: =N20+O19 -> 0.022121212 | Q20: Skewness | R20: -0.06717654
A21: 41486 | B21: 6.1323 | C21: 6.134 | D21: 6.1372 | E21: 6.1308 | F21: -0.0004 | G21: =(C21-C22)/C22 -> 0.00050563539 | H21: =(D21-E21)/E21 -> 0.0010439094 | J21: -0.003 | K21: -0.003 | L21: 237 | M21: =TEXT(J21,"0.00%")&" TO "&TEXT(J22,"0.00%") -> -0.30% TO 0.00% | N21: =L21/$R$25 -> 0.071818182 | O21: =N21+O20 -> 0.093939394 | Q21: Range | R21: 0.046994304
A22: 41487 | B22: 6.1338 | C22: 6.1309 | D22: 6.1339 | E22: 6.1278 | F22: 0.0002 | G22: =(C22-C23)/C23 -> -0.0003587093 | H22: =(D22-E22)/E22 -> 0.0009954633 | J22: 0 | K22: 0 | L22: 1314 | M22: =TEXT(J22,"0.00%")&" TO "&TEXT(J23,"0.00%") -> 0.00% TO 0.30% | N22: =L22/$R$25 -> 0.39818182 | O22: =N22+O21 -> 0.49212121 | Q22: Minimum | R22: -0.018959027
A23: 41488 | B23: 6.1295 | C23: 6.1331 | D23: 6.134 | E23: 6.1268 | F23: -0.0007 | G23: =(C23-C24)/C24 -> 0.00083224543 | H23: =(D23-E23)/E23 -> 0.0011751648 | J23: 0.003 | K23: 0.003 | L23: 1338 | M23: =TEXT(J23,"0.00%")&" TO "&TEXT(J24,"0.00%") -> 0.30% TO 0.60% | N23: =L23/$R$25 -> 0.40545455 | O23: =N23+O22 -> 0.89757576 | Q23: Maximum | R23: 0.028035277
A24: 41491 | B24: 6.122 | C24: 6.128 | D24: 6.129 | E24: 6.1192 | F24: -0.0012 | G24: =(C24-C25)/C25 -> 0.001143604 | H24: =(D24-E24)/E24 -> 0.0016015165 | J24: 0.006 | K24: 0.006 | L24: 260 | M24: =TEXT(J24,"0.00%")&" TO "&TEXT(J25,"0.00%") -> 0.60% TO 0.90% | N24: =L24/$R$25 -> 0.078787879 | O24: =N24+O23 -> 0.97636364 | Q24: Sum | R24: 0.12780015
A25: 41492 | B25: 6.1195 | C25: 6.121 | D25: 6.1241 | E25: 6.1165 | F25: -0.0004 | G25: =(C25-C26)/C26 -> 0.00032685079 | H25: =(D25-E25)/E25 -> 0.0012425407 | J25: 0.009 | K25: 0.009 | L25: 63 | M25: =TEXT(J25,"0.00%")&" TO "&TEXT(J26,"0.00%") -> 0.90% TO 1.20% | N25: =L25/$R$25 -> 0.019090909 | O25: =N25+O24 -> 0.99545455 | Q25: Count | R25: 3300
A26: 41493 | B26: 6.1178 | C26: 6.119 | D26: 6.1217 | E26: 6.1155 | F26: -0.0003 | G26: =(C26-C27)/C27 -> 0.00032695766 | H26: =(D26-E26)/E26 -> 0.0010138173 | J26: 0.012 | K26: 0.012 | L26: 11 | M26: =TEXT(J26,"0.00%")&" TO "&TEXT(J27,"0.00%") -> 1.20% TO 1.50% | N26: =L26/$R$25 -> 0.0033333333 | O26: =N26+O25 -> 0.99878788
A27: 41494 | B27: 6.1135 | C27: 6.117 | D27: 6.1191 | E27: 6.1109 | F27: -0.0007 | G27: =(C27-C28)/C28 -> 0.00089994273 | H27: =(D27-E27)/E27 -> 0.0013418645 | J27: 0.015 | K27: 0.015 | L27: 2 | M27: =TEXT(J27,"0.00%")&" TO "&TEXT(J28,"0.00%") -> 1.50% TO 1.80% | N27: =L27/$R$25 -> 0.00060606061 | O27: =N27+O26 -> 0.99939394
A28: 41495 | B28: 6.1192 | C28: 6.1115 | D28: 6.1198 | E28: 6.1113 | F28: 0.0009 | G28: =(C28-C29)/C29 -> -0.0010624387 | H28: =(D28-E28)/E28 -> 0.0013908661 | J28: 0.018 | K28: 0.018 | L28: 1 | M28: =TEXT(J28,"0.00%")&" TO "&TEXT(J29,"0.00%") -> 1.80% TO 2.10% | N28: =L28/$R$25 -> 0.0003030303 | O28: =N28+O27 -> 0.99969697
A29: 41498 | B29: 6.118 | C29: 6.118 | D29: 6.122 | E29: 6.116 | F29: -0.0002 | G29: =(C29-C30)/C30 -> 0.00016347883 | H29: =(D29-E29)/E29 -> 0.00098103336 | J29: 0.021 | K29: 0.021 | L29: 0 | M29: =TEXT(J29,"0.00%")&" TO "&TEXT(J30,"0.00%") -> 2.10% TO 2.40% | N29: =L29/$R$25 -> 0 | O29: =N29+O28 -> 0.99969697
A30: 41499 | B30: 6.119 | C30: 6.117 | D30: 6.1238 | E30: 6.1159 | F30: 0.0002 | G30: =(C30-C31)/C31 -> -0.00016345211 | H30: =(D30-E30)/E30 -> 0.001291715 | J30: 0.024 | K30: 0.024 | L30: 0 | M30: =TEXT(J30,"0.00%")&" TO "&TEXT(J31,"0.00%") -> 2.40% TO 2.70% | N30: =L30/$R$25 -> 0 | O30: =N30+O29 -> 0.99969697
A31: 41500 | B31: 6.1162 | C31: 6.118 | D31: 6.122 | E31: 6.1138 | F31: -0.0005 | G31: =(C31-C32)/C32 -> 0.00063786984 | H31: =(D31-E31)/E31 -> 0.001341228 | J31: 0.027 | K31: 0.027 | L31: 0 | M31: =TEXT(J31,"0.00%")&" TO "&TEXT(J32,"0.00%") -> 2.70% TO 3.00% | N31: =L31/$R$25 -> 0 | O31: =N31+O30 -> 0.99969697
A32: 41501 | B32: 6.109 | C32: 6.1141 | D32: 6.1162 | E32: 6.107 | F32: -0.0012 | G32: =(C32-C33)/C33 -> 0.0010806386 | H32: =(D32-E32)/E32 -> 0.001506468 | J32: 0.03 | K32: 0.03 | L32: 1 | M32: =TEXT(J32,"0.00%")&" TO "&TEXT(J33,"0.00%") -> 3.00% TO 0.00% | N32: =L32/$R$25 -> 0.0003030303 | O32: =N32+O31 -> 1
A33: 41502 | B33: 6.1098 | C33: 6.1075 | D33: 6.1101 | E33: 6.105 | F33: 0.0001 | G33: =(C33-C34)/C34 -> -0.00032735903 | H33: =(D33-E33)/E33 -> 0.00083538084 | K33: More | L33: 0 | M33: =TEXT(J33,"0.00%")&" TO "&TEXT(J34,"0.00%") -> 0.00% TO 0.00% | N33: =L33/$R$25 -> 0 | O33: =N33+O32 -> 1
A34: 41505 | B34: 6.1167 | C34: 6.1095 | D34: 6.1185 | E34: 6.1073 | F34: 0.0011 | G34: =(C34-C35)/C35 -> -0.0009484408 | H34: =(D34-E34)/E34 -> 0.0018338709 | M34: =TEXT(J34,"0.00%")&" TO "&TEXT(J35,"0.00%") -> 0.00% TO 0.00%
A35: 41506 | B35: 6.1147 | C35: 6.1153 | D35: 6.1222 | E35: 6.1108 | F35: -0.0003 | G35: =(C35-C36)/C36 -> 0.00037624734 | H35: =(D35-E35)/E35 -> 0.0018655495
A36: 41507 | B36: 6.119 | C36: 6.113 | D36: 6.1208 | E36: 6.112 | F36: 0.0007 | G36: =(C36-C37)/C37 -> -0.00073559461 | H36: =(D36-E36)/E36 -> 0.0014397906
A37: 41508 | B37: 6.1155 | C37: 6.1175 | D37: 6.1215 | E37: 6.1127 | F37: -0.0006 | G37: =(C37-C38)/C38 -> 0.00049063701 | H37: =(D37-E37)/E37 -> 0.0014396257
A38: 41509 | B38: 6.1114 | C38: 6.1145 | D38: 6.1184 | E38: 6.1094 | F38: -0.0007 | G38: =(C38-C39)/C39 -> 0.00057273769 | H38: =(D38-E38)/E38 -> 0.0014731398 | J38: INTERVALS | K38: Bin | L38: Frequency | N38: PROBABILITIES | O38: CUMULATIVE | Q38: Column1
A39: 41512 | B39: 6.113 | C39: 6.111 | D39: 6.1163 | E39: 6.11 | F39: 0.0003 | G39: =(C39-C40)/C40 -> 0 | H39: =(D39-E39)/E39 -> 0.0010310966 | J39: 0.002 | K39: 0.002 | L39: 661 | N39: =L39/$R$52 -> 0.20024235 | O39: =N39 -> 0.20024235
A40: 41513 | B40: 6.1161 | C40: 6.111 | D40: 6.1174 | E40: 6.1105 | F40: 0.0005 | G40: =(C40-C41)/C41 -> -0.00065412919 | H40: =(D40-E40)/E40 -> 0.0011292038 | J40: 0.004 | K40: 0.004 | L40: 1417 | N40: =L40/$R$52 -> 0.42926386 | O40: =N40+O39 -> 0.62950621 | Q40: Mean | R40: 0.003951481
A41: 41514 | B41: 6.1166 | C41: 6.115 | D41: 6.1205 | E41: 6.1124 | F41: 0.0001 | G41: =(C41-C42)/C42 -> -1.6352962e-05 | H41: =(D41-E41)/E41 -> 0.0013251751 | J41: 0.006 | K41: 0.006 | L41: 717 | N41: =L41/$R$52 -> 0.21720691 | O41: =N41+O40 -> 0.84671312 | Q41: Standard Error | R41: 4.6172936e-05
A42: 41515 | B42: 6.1181 | C42: 6.1151 | D42: 6.119 | E42: 6.1143 | F42: 0.0002 | G42: =(C42-C43)/C43 -> -0.0002942667 | H42: =(D42-E42)/E42 -> 0.00076868979 | J42: 0.008 | K42: 0.008 | L42: 276 | N42: =L42/$R$52 -> 0.083611027 | O42: =N42+O41 -> 0.93032414 | Q42: Median | R42: 0.0033023946
A43: 41516 | B43: 6.1165 | C43: 6.1169 | D43: 6.1193 | E43: 6.1142 | F43: -0.0003 | G43: =(C43-C44)/C44 -> 0.00026163884 | H43: =(D43-E43)/E43 -> 0.00083412384 | J43: 0.01 | K43: 0.01 | L43: 124 | N43: =L43/$R$52 -> 0.037564374 | O43: =N43+O42 -> 0.96788852 | Q43: Mode | R43: 0.0015645414
A44: 41519 | B44: 6.1142 | C44: 6.1153 | D44: 6.1182 | E44: 6.1119 | F44: -0.0004 | G44: =(C44-C45)/C45 -> 0.00034351894 | H44: =(D44-E44)/E44 -> 0.001030776 | J44: 0.012 | K44: 0.012 | L44: 50 | N44: =L44/$R$52 -> 0.015146925 | O44: =N44+O43 -> 0.98303544 | Q44: Standard Deviation | R44: 0.0026528351
A45: 41520 | B45: 6.115 | C45: 6.1132 | D45: 6.1163 | E45: 6.112 | F45: 0.0001 | G45: =(C45-C46)/C46 -> -4.9071727e-05 | H45: =(D45-E45)/E45 -> 0.00070353403 | J45: 0.014 | K45: 0.014 | L45: 26 | N45: =L45/$R$52 -> 0.0078764011 | O45: =N45+O44 -> 0.99091184 | Q45: Sample Variance | R45: 7.0375341e-06
A46: 41521 | B46: 6.1129 | C46: 6.1135 | D46: 6.1181 | E46: 6.1106 | F46: -0.0003 | G46: =(C46-C47)/C47 -> 0.00024541885 | H46: =(D46-E46)/E46 -> 0.0012273754 | J46: 0.016 | K46: 0.016 | L46: 12 | N46: =L46/$R$52 -> 0.003635262 | O46: =N46+O45 -> 0.99454711 | Q46: Kurtosis | R46: 13.763631
A47: 41522 | B47: 6.1152 | C47: 6.112 | D47: 6.1162 | E47: 6.1105 | F47: 0.0004 | G47: =(C47-C48)/C48 -> -8.1799591e-05 | H47: =(D47-E47)/E47 -> 0.00093282055 | J47: 0.018 | K47: 0.018 | L47: 9 | N47: =L47/$R$52 -> 0.0027264465 | O47: =N47+O46 -> 0.99727355 | Q47: Skewness | R47: 2.6249035
A48: 41523 | B48: 6.114 | C48: 6.1125 | D48: 6.1173 | E48: 6.1102 | F48: -0.0002 | G48: =(C48-C49)/C49 -> 0.00027819598 | H48: =(D48-E48)/E48 -> 0.0011619914 | J48: 0.02 | K48: 0.02 | L48: 4 | N48: =L48/$R$52 -> 0.001211754 | O48: =N48+O47 -> 0.99848531 | Q48: Range | R48: 0.033135326
A49: 41526 | B49: 6.1067 | C49: 6.1108 | D49: 6.1143 | E49: 6.105 | F49: -0.0012 | G49: =(C49-C50)/C50 -> 0.00086806977 | H49: =(D49-E49)/E49 -> 0.0015233415 | J49: 0.022 | K49: 0.022 | L49: 0 | N49: =L49/$R$52 -> 0 | O49: =N49+O48 -> 0.99848531 | Q49: Minimum | R49: 0.0001228124
A50: 41527 | B50: 6.1102 | C50: 6.1055 | D50: 6.1135 | E50: 6.1049 | F50: 0.0006 | G50: =(C50-C51)/C51 -> -0.00065471806 | H50: =(D50-E50)/E50 -> 0.0014087045 | J50: 0.024 | K50: 0.024 | L50: 3 | N50: =L50/$R$52 -> 0.00090881551 | O50: =N50+O49 -> 0.99939412 | Q50: Maximum | R50: 0.033258138
A51: 41528 | B51: 6.1087 | C51: 6.1095 | D51: 6.1152 | E51: 6.1069 | F51: -0.0002 | G51: =(C51-C52)/C52 -> 0.00027833262 | H51: =(D51-E51)/E51 -> 0.0013591184 | J51: 0.026 | K51: 0.026 | L51: 0 | N51: =L51/$R$52 -> 0 | O51: =N51+O50 -> 0.99939412 | Q51: Sum | R51: 13.043839
A52: 41529 | B52: 6.1086 | C52: 6.1078 | D52: 6.1116 | E52: 6.1059 | F52: 0 | G52: =(C52-C53)/C53 -> -1.6372239e-05 | H52: =(D52-E52)/E52 -> 0.00093352331 | J52: 0.028 | K52: 0.028 | L52: 0 | N52: =L52/$R$52 -> 0 | O52: =N52+O51 -> 0.99939412 | Q52: Count | R52: 3301
A53: 41530 | B53: 6.1129 | C53: 6.1079 | D53: 6.1151 | E53: 6.1069 | F53: 0.0007 | G53: =(C53-C54)/C54 -> -0.00050728195 | H53: =(D53-E53)/E53 -> 0.0013427435 | J53: 0.03 | K53: 0.03 | L53: 0 | N53: =L53/$R$52 -> 0 | O53: =N53+O52 -> 0.99939412
A54: 41533 | B54: 6.109 | C54: 6.111 | D54: 6.1142 | E54: 6.1059 | F54: -0.0006 | G54: =(C54-C55)/C55 -> 0.00027826429 | H54: =(D54-E54)/E54 -> 0.001359341 | J54: 0.032 | K54: 0.032 | L54: 1 | N54: =L54/$R$52 -> 0.0003029385 | O54: =N54+O53 -> 0.99969706
A55: 41534 | B55: 6.1093 | C55: 6.1093 | D55: 6.1143 | E55: 6.1074 | F55: 0 | G55: =(C55-C56)/C56 -> 0.00018008579 | H55: =(D55-E55)/E55 -> 0.001129777 | J55: 0.034 | K55: 0.034 | L55: 1 | N55: =L55/$R$52 -> 0.0003029385 | O55: =N55+O54 -> 1
A56: 41535 | B56: 6.1057 | C56: 6.1082 | D56: 6.1123 | E56: 6.1032 | F56: -0.0006 | G56: =(C56-C57)/C57 -> 0.00049138439 | H56: =(D56-E56)/E56 -> 0.0014910211 | J56: 0.036 | K56: 0.036 | L56: 0 | N56: =L56/$R$52 -> 0 | O56: =N56+O55 -> 1
A57: 41536 | B57: 6.1103 | C57: 6.1052 | D57: 6.1112 | E57: 6.103 | F57: 0.0008 | G57: =(C57-C58)/C58 -> -0.00037658616 | H57: =(D57-E57)/E57 -> 0.0013436015 | J57: 0.038 | K57: 0.038 | L57: 0 | N57: =L57/$R$52 -> 0 | O57: =N57+O56 -> 1
A58: 41537 | B58: 6.111 | C58: 6.1075 | D58: 6.1117 | E58: 6.1073 | F58: 0.0001 | G58: =(C58-C59)/C59 -> -0.00024553937 | H58: =(D58-E58)/E58 -> 0.0007204493 | J58: 0.04 | K58: 0.04 | L58: 0 | N58: =L58/$R$52 -> 0 | O58: =N58+O57 -> 1
A59: 41540 | B59: 6.1123 | C59: 6.109 | D59: 6.115 | E59: 6.1048 | F59: 0.0002 | G59: =(C59-C60)/C60 -> -0.00031091983 | H59: =(D59-E59)/E59 -> 0.0016708164 | K59: More | L59: 0 | N59: =L59/$R$52 -> 0 | O59: =N59+O58 -> 1
A60: 41541 | B60: 6.1181 | C60: 6.1109 | D60: 6.1201 | E60: 6.1104 | F60: 0.0009 | G60: =(C60-C61)/C61 -> -0.0010462132 | H60: =(D60-E60)/E60 -> 0.0015874574
A61: 41542 | B61: 6.1179 | C61: 6.1173 | D61: 6.1204 | E61: 6.1145 | F61: 0 | G61: =(C61-C62)/C62 -> 0.00016349754 | H61: =(D61-E61)/E61 -> 0.00096491945
A62: 41543 | B62: 6.1188 | C62: 6.1163 | D62: 6.12 | E62: 6.1143 | F62: 0.0001 | G62: =(C62-C63)/C63 -> -0.00032688819 | H62: =(D62-E62)/E62 -> 0.00093224081
A63: 41544 | B63: 6.1168 | C63: 6.1183 | D63: 6.1221 | E63: 6.1146 | F63: -0.0003 | G63: =(C63-C64)/C64 -> 0.00037606279 | H63: =(D63-E63)/E63 -> 0.0012265725
A64: 41547 | B64: 6.1168 | C64: 6.116 | D64: 6.1196 | E64: 6.1147 | F64: 0 | G64: =(C64-C65)/C65 -> 0.00011446699 | H64: =(D64-E64)/E64 -> 0.00080134757
A65: 41548 | B65: 6.1145 | C65: 6.1153 | D65: 6.1188 | E65: 6.1124 | F65: -0.0004 | G65: =(C65-C66)/C66 -> 0.00024534659 | H65: =(D65-E65)/E65 -> 0.0010470519
A66: 41549 | B66: 6.1115 | C66: 6.1138 | D66: 6.1167 | E66: 6.1095 | F66: -0.0005 | G66: =(C66-C67)/C67 -> 0.0005728033 | H66: =(D66-E66)/E66 -> 0.0011784925
A67: 41550 | B67: 6.1079 | C67: 6.1103 | D67: 6.113 | E67: 6.1064 | F67: -0.0006 | G67: =(C67-C68)/C68 -> 0.00045845272 | H67: =(D67-E67)/E67 -> 0.0010808332
A68: 41551 | B68: 6.1072 | C68: 6.1075 | D68: 6.1108 | E68: 6.1044 | F68: -0.0001 | G68: =(C68-C69)/C69 -> 0.00018013887 | H68: =(D68-E68)/E68 -> 0.0010484241
A69: 41554 | B69: 6.1098 | C69: 6.1064 | D69: 6.1112 | E69: 6.1055 | F69: 0.0004 | G69: =(C69-C70)/C70 -> -0.00039287585 | H69: =(D69-E69)/E69 -> 0.00093358447
A70: 41555 | B70: 6.1115 | C70: 6.1088 | D70: 6.1138 | E70: 6.1065 | F70: 0.0003 | G70: =(C70-C71)/C71 -> -0.00026184865 | H70: =(D70-E70)/E70 -> 0.0011954475
A71: 41556 | B71: 6.1129 | C71: 6.1104 | D71: 6.1136 | E71: 6.109 | F71: 0.0002 | G71: =(C71-C72)/C72 -> -0.00031084862 | H71: =(D71-E71)/E71 -> 0.0007529874
... A3311: 46093 | B3311: 6.8815 | C3311: 6.8764 | D3311: 6.8858 | E3311: 6.8639 | F3311: 0.0007 | G3311: =(C3311-C3312)/C3312 -> -0.00072659633 | H3311: =(D3311-E3311)/E3311 -> 0.0031906059
A3312: 46094 | B3312: 6.9053 | C3312: 6.8814 | D3312: 6.9094 | E3312: 6.8771 | F3312: 0.0035 | H3312: =(D3312-E3312)/E3312 -> 0.0046967472

Sheet MARKET FOUNDATION
A1: USDJPY OPEN TO OPEN | F1: HIGH TO LOW | J1: AVE POS RET | K1: 0.0039924731
A2: DESCRIPTIVE STATISTIC | F2: DESCRIPTIVE STATISTIC | J2: AVE NEG RET | K2: -0.0039929535
A3: Mean | B3: -0.0001117501 | F3: Mean | G3: 0.0084372433
A4: Standard Error | B4: 8.6189429e-05 | F4: Standard Error | G4: 8.0850789e-05 | L4: FREQ
A5: Median | B5: -0.00011859583 | F5: Median | G5: 0.007310504 | J5: =usdjpy!O1 -> POS COUNT | K5: =usdjpy!P1 -> 2031 | L5: =usdjpy!Q1 -> 0.48071006
A6: Mode | B6: 0 | F6: Mode | G6: 0.0050907192 | J6: =usdjpy!O2 -> NEG COUNT | K6: =usdjpy!P2 -> 2149 | L6: =usdjpy!Q2 -> 0.50863905
A7: Standard Deviation | B7: 0.0056023129 | F7: Standard Deviation | G7: 0.0052553013 | J7: =usdjpy!O3 -> 0 COUNTS | K7: =usdjpy!P3 -> 45 | L7: =usdjpy!Q3 -> 0.010650888
A8: Sample Variance | B8: 3.138591e-05 | F8: Sample Variance | G8: 2.7618191e-05
A9: Kurtosis | B9: 4.796437 | F9: Kurtosis | G9: 21.993409
A10: Skewness | B10: 0.34116143 | F10: Skewness | G10: 3.2428639
A11: Range | B11: 0.073916793 | F11: Range | G11: 0.077752621
A12: Minimum | B12: -0.034253685 | F12: Minimum | G12: 0.00024939729
A13: Maximum | B13: 0.039663108 | F13: Maximum | G13: 0.078002018
A14: Sum | B14: -0.47214419 | F14: Sum | G14: 35.647353
A15: Count | B15: 4225 | F15: Count | G15: 4225
B20: =usdjpy!V1 -> STD DEV | C20: =usdjpy!W1 -> 1 | D20: =usdjpy!X1 -> 2 | E20: =usdjpy!Y1 -> 3
B21: =usdjpy!V2 -> UPPER | C21: =usdjpy!W2 -> 0.0054905628 | D21: =usdjpy!X2 -> 0.011092876 | E21: =usdjpy!Y2 -> 0.016695189
B22: =usdjpy!V3 -> LOWER | C22: =usdjpy!W3 -> -0.005714063 | D22: =usdjpy!X3 -> -0.011316376 | E22: =usdjpy!Y3 -> -0.016918689
B27: =usdjpy!AA1 -> STD DEV2 | C27: =usdjpy!AB1 -> ACTUAL | D27: =usdjpy!AC1 -> ACTUAL% | E27: =usdjpy!AD1 -> NORMAL | F27: =usdjpy!AE1 -> NORMAL%
B28: =usdjpy!AA2 -> 1 | C28: =usdjpy!AB2 -> 3251 | D28: =usdjpy!AC2 -> 0.76946746 | E28: =usdjpy!AD2 -> 2881.45 | F28: =usdjpy!AE2 -> 0.682
B29: =usdjpy!AA3 -> 2 | C29: =usdjpy!AB3 -> 4004 | D29: =usdjpy!AC3 -> 0.94769231 | E29: =usdjpy!AD3 -> 4030.65 | F29: =usdjpy!AE3 -> 0.954
B30: =usdjpy!AA4 -> 3 | C30: =usdjpy!AB4 -> 4161 | D30: =usdjpy!AC4 -> 0.98485207 | E30: =usdjpy!AD4 -> 4216.55 | F30: =usdjpy!AE4 -> 0.998
A39: USDCAD OPEN TO OPEN | F39: USDCAD HIGH TO LOW | J39: avg pos | K39: 0.0035499287
F40: Column1 | J40: avg neg | K40: -0.0034769674
A41: Mean | B41: -5.039277e-05
A42: Standard Error | B42: 7.1960216e-05 | F42: Mean | G42: 0.0073562846
A43: Median | B43: -0.00010064412 | F43: Standard Error | G43: 5.6571582e-05
A44: Mode | B44: 0 | F44: Median | G44: 0.0065489047 | J44: =usdcad!P1 -> pos count | K44: =usdcad!Q1 -> 2038 | L44: =usdcad!R1 -> 0.48236686
A45: Standard Deviation | B45: 0.0046774141 | F45: Mode | G45: 0.0084307339 | J45: =usdcad!P2 -> neg count | K45: =usdcad!Q2 -> 2142 | L45: =usdcad!R2 -> 0.50698225
A46: Sample Variance | B46: 2.1878202e-05 | F46: Standard Deviation | G46: 0.003677588 | J46: =usdcad!P3 -> 0 count | K46: =usdcad!Q3 -> 45 | L46: =usdcad!R3 -> 0.010650888
A47: Kurtosis | B47: 1.7960739 | F47: Sample Variance | G47: 1.3524653e-05
A48: Skewness | B48: -0.054932439 | F48: Kurtosis | G48: 6.8391831
A49: Range | B49: 0.0475149 | F49: Skewness | G49: 1.8057314
A50: Minimum | B50: -0.026057719 | F50: Range | G50: 0.044689916 | J50: =usdcad!W1 -> std dev | K50: =usdcad!X1 -> 1 | L50: =usdcad!Y1 -> 2 | M50: =usdcad!Z1 -> 3
A51: Maximum | B51: 0.021457181 | F51: Minimum | G51: 0.00014571949 | J51: =usdcad!W2 -> upper | K51: =usdcad!X2 -> 0.0046270213 | L51: =usdcad!Y2 -> 0.0093044354 | M51: =usdcad!Z2 -> 0.013981849
A52: Sum | B52: -0.21290945 | F52: Maximum | G52: 0.044835635 | J52: =usdcad!W3 -> lower | K52: =usdcad!X3 -> -0.0047278068 | L52: =usdcad!Y3 -> -0.0094052209 | M52: =usdcad!Z3 -> -0.014082635
A53: Count | B53: 4225 | F53: Sum | G53: 31.087659
F54: Count | G54: 4226
C59: =usdcad!AB1 -> std dev 2 | D59: =usdcad!AC1 -> actual | E59: =usdcad!AD1 -> actual % | F59: =usdcad!AE1 -> normal | G59: =usdcad!AF1 -> normal%
C60: =usdcad!AB2 -> 1 | D60: =usdcad!AC2 -> 3091 | E60: =usdcad!AD2 -> 0.73159763 | F60: =usdcad!AE2 -> 2881.45 | G60: =usdcad!AF2 -> 0.682
C61: =usdcad!AB3 -> 2 | D61: =usdcad!AC3 -> 4000 | E61: =usdcad!AD3 -> 0.94674556 | F61: =usdcad!AE3 -> 4030.65 | G61: =usdcad!AF3 -> 0.954
C62: =usdcad!AB4 -> 3 | D62: =usdcad!AC4 -> 4179 | E62: =usdcad!AD4 -> 0.98911243 | F62: =usdcad!AE4 -> 4216.55 | G62: =usdcad!AF4 -> 0.998
A70: USDCHF | F70: HIGH TO LOW
A71: OPEN TO OPEN | F71: Column1 | J71: =' USDCHF'!W1 -> std dev | K71: =' USDCHF'!X1 -> 1 | L71: =' USDCHF'!Y1 -> 2 | M71: =' USDCHF'!Z1 -> 3
J72: =' USDCHF'!W2 -> upper | K72: =' USDCHF'!X2 -> 0.0063848871 | L72: =' USDCHF'!Y2 -> 0.012685327 | M72: =' USDCHF'!Z2 -> 0.018985767
A73: Mean | B73: 8.444703e-05 | F73: Mean | G73: 0.0085636089 | J73: =' USDCHF'!W3 -> lower | K73: =' USDCHF'!X3 -> -0.006215993 | L73: =' USDCHF'!Y3 -> -0.012516433 | M73: =' USDCHF'!Z3 -> -0.018816873
A74: Standard Error | B74: 9.6929846e-05 | F74: Standard Error | G74: 0.00011531964
A75: Median | B75: -0.00010341262 | F75: Median | G75: 0.0074085736
A76: Mode | B76: 0 | F76: Mode | G76: 0.0073452256
A77: Standard Deviation | B77: 0.00630044 | F77: Standard Deviation | G77: 0.0074966635 | J77: =' USDCHF'!M1 -> ave pos ret | K77: =' USDCHF'!N1 -> 0.0042576843
A78: Sample Variance | B78: 3.9695544e-05 | F78: Sample Variance | G78: 5.6199963e-05 | J78: =' USDCHF'!M2 -> ave neg ret | K78: =' USDCHF'!N2 -> -0.0039124367
A79: Kurtosis | B79: 195.05521 | F79: Kurtosis | G79: 1513.7913
A80: Skewness | B80: 5.7704515 | F80: Skewness | G80: 31.044773
A81: Range | B81: 0.27457594 | F81: Range | G81: 0.38509485
A82: Minimum | B82: -0.08722886 | F82: Minimum | G82: 0 | J82: =' USDCHF'!P1 -> positive count | K82: =' USDCHF'!Q1 -> 2042 | L82: =' USDCHF'!R1 -> 0.48331361
A83: Maximum | B83: 0.18734708 | F83: Maximum | G83: 0.38509485 | J83: =' USDCHF'!P2 -> neg count | K83: =' USDCHF'!Q2 -> 2131 | L83: =' USDCHF'!R2 -> 0.5043787
A84: Sum | B84: 0.3567887 | F84: Sum | G84: 36.189811 | J84: =' USDCHF'!P3 -> 0 count | K84: =' USDCHF'!Q3 -> 52 | L84: =' USDCHF'!R3 -> 0.012307692
A85: Count | B85: 4225 | F85: Count | G85: 4226
C91: =' USDCHF'!AB1 -> std dev 2 | D91: =' USDCHF'!AC1 -> actual | E91: =' USDCHF'!AD1 -> actual % | F91: =' USDCHF'!AE1 -> normal | G91: =' USDCHF'!AF1 -> normal%
C92: =' USDCHF'!AB2 -> 1 | D92: =' USDCHF'!AC2 -> 3385 | E92: =' USDCHF'!AD2 -> 0.80118343 | F92: =' USDCHF'!AE2 -> 2881.45 | G92: =' USDCHF'!AF2 -> 0.682
C93: =' USDCHF'!AB3 -> 2 | D93: =' USDCHF'!AC3 -> 4090 | E93: =' USDCHF'!AD3 -> 0.96804734 | F93: =' USDCHF'!AE3 -> 4030.65 | G93: =' USDCHF'!AF3 -> 0.954
C94: =' USDCHF'!AB4 -> 3 | D94: =' USDCHF'!AC4 -> 4203 | E94: =' USDCHF'!AD4 -> 0.9947929 | F94: =' USDCHF'!AE4 -> 4216.55 | G94: =' USDCHF'!AF4 -> 0.998
A100: EURJPY OPEN TO OPEN | E100: EURJPY HIGH TO LOW | I100: av post ret | J100: 0.0047941078
I101: av neg ret | J101: -0.0045769283
A102: Mean | B102: -5.1748547e-05 | E102: Mean | F102: 0.0099388198
A103: Standard Error | B103: 0.00010648178 | E103: Standard Error | F103: 0.00022222353
A104: Median | B104: -0.00018894067 | E104: Median | F104: 0.008387698 | I104: =EURJPY!P1 -> POS COUNT | J104: =EURJPY!Q1 -> 2028 | K104: =EURJPY!R1 -> 0.48
A105: Mode | B105: 0 | E105: Mode | F105: 0.010329402 | I105: =EURJPY!P2 -> NEG COUNT | J105: =EURJPY!Q2 -> 2172 | K105: =EURJPY!R2 -> 0.51408284
A106: Standard Deviation | B106: 0.0069213154 | E106: Standard Deviation | F106: 0.01444453 | I106: =EURJPY!P3 -> 0 COUNT | J106: =EURJPY!Q3 -> 25 | K106: =EURJPY!R3 -> 0.0059171598
A107: Sample Variance | B107: 4.7904607e-05 | E107: Sample Variance | F107: 0.00020864444
A108: Kurtosis | B108: 30.709752 | E108: Kurtosis | F108: 3003.1346
A109: Skewness | B109: 0.33068683 | E109: Skewness | F109: 50.548819
A110: Range | B110: 0.21064123 | E110: Range | F110: 0.87104948
A111: Minimum | B111: -0.1076523 | E111: Minimum | F111: 0.00076115914
A112: Maximum | B112: 0.10298893 | E112: Maximum | F112: 0.87181064
A113: Sum | B113: -0.21863761 | E113: Sum | F113: 41.991514
A114: Count | B114: 4225 | E114: Count | F114: 4225
B119: =EURJPY!V1 -> STD DEV | C119: =EURJPY!W1 -> 1 | D119: =EURJPY!X1 -> 2 | E119: =EURJPY!Y1 -> 3
B120: =EURJPY!V2 -> UPPER | C120: =EURJPY!W2 -> 0.0068695668 | D120: =EURJPY!X2 -> 0.013790882 | E120: =EURJPY!Y2 -> 0.020712198
B121: =EURJPY!V3 -> LOWER | C121: =EURJPY!W3 -> -0.0069730639 | D121: =EURJPY!X3 -> -0.013894379 | E121: =EURJPY!Y3 -> -0.020815695
B125: =EURJPY!AB1 -> STD DEV 2 | C125: =EURJPY!AC1 -> ACTUAL | D125: =EURJPY!AD1 -> ACTUAL % | E125: =EURJPY!AE1 -> NORMAL | F125: =EURJPY!AF1 -> NORMAL %
B126: =EURJPY!AB2 -> 1 | C126: =EURJPY!AC2 -> 3354 | D126: =EURJPY!AD2 -> 0.79384615 | E126: =EURJPY!AE2 -> 2881.45 | F126: =EURJPY!AF2 -> 0.682
B127: =EURJPY!AB3 -> 2 | C127: =EURJPY!AC3 -> 4043 | D127: =EURJPY!AD3 -> 0.95692308 | E127: =EURJPY!AE3 -> 4030.65 | F127: =EURJPY!AF3 -> 0.954
B128: =EURJPY!AB4 -> 3 | C128: =EURJPY!AC4 -> 4173 | D128: =EURJPY!AD4 -> 0.98769231 | E128: =EURJPY!AE4 -> 4216.55 | F128: =EURJPY!AF4 -> 0.998
B133: USDZAR OPEN TO OPEN | F133: USDZAR HIGH TO LOW | J133: av post ret | K133: 0.0075166863
J134: av neg ret | K134: -0.0067379774
B135: Mean | C135: 0.00023743745 | F135: Mean | G135: 0.016457921
B136: Standard Error | C136: 0.00014288932 | F136: Standard Error | G136: 0.0001160701
B137: Median | C137: -0.00019139075 | F137: Median | G137: 0.015164088 | J137: =USDZAR!P1 -> POS COUNT | K137: =USDZAR!Q1 -> 2064 | L137: =USDZAR!R1 -> 0.48852071
B138: Mode | C138: -0.0072162087 | F138: Mode | G138: 0 | J138: =USDZAR!P2 -> NEG COUNT | K138: =USDZAR!Q2 -> 2157 | L138: =USDZAR!R2 -> 0.51053254
B139: Standard Deviation | C139: 0.0092878057 | F139: Standard Deviation | G139: 0.0075454492 | J139: =USDZAR!P3 -> 0 COUNT | K139: =USDZAR!Q3 -> 4 | L139: =USDZAR!R3 -> 0.00094674556
B140: Sample Variance | C140: 8.6263335e-05 | F140: Sample Variance | G140: 5.6933804e-05
B141: Kurtosis | C141: 1.669684 | F141: Kurtosis | G141: 14.901152
B142: Skewness | C142: 0.42250534 | F142: Skewness | G142: 2.4163818
B143: Range | C143: 0.10601225 | F143: Range | G143: 0.096791335
B144: Minimum | C144: -0.03843821 | F144: Minimum | G144: 0
B145: Maximum | C145: 0.067574043 | F145: Maximum | G145: 0.096791335
B146: Sum | C146: 1.0031732 | F146: Sum | G146: 69.551172
B147: Count | C147: 4225 | F147: Count | G147: 4226
B150: =USDZAR!V1 -> STD DEV | C150: =USDZAR!W1 -> 1 | D150: =USDZAR!X1 -> 2 | E150: =USDZAR!Y1 -> 3
...

Sheet XAUUSD
I1: open to open | J1: average ret | K1: =SUBTOTAL(1,G12:G4226) -> -0.00031233211 | M1: aveg post ret | N1: 0.0072171895 | P1: POST COUNT | Q1: 1995 | R1: =Q1/$R$25 -> 0.47330961 | T1: ADJ AV POS RET | U1: =N1*R1 -> 0.0034159651 | W1: STD DEV | X1: 1 | Y1: 2 | Z1: 3 | AB1: STD DEV 2 | AC1: ACTUAL | AD1: ACTUAL% | AE1: NORMAL | AF1: NORMAL%
J2: count | K2: =SUBTOTAL(2,G12:G4226) -> 4215 | M2: aveg neg ret | N2: -0.007110757 | P2: NEG COUNT | Q2: 2210 | R2: =Q2/$R$25 -> 0.52431791 | T2: ADJ AV NEG RET | U2: =N2*R2 -> -0.0037282973 | W2: UPPER | X2: =R13+(1*R17) -> 0.0098364764 | Y2: =R13+(2*R17) -> 0.019985285 | Z2: =R13+(3*R17) -> 0.030134093 | AB2: 1 | AC2: 3247 | AD2: =AC2/$R$25 -> 0.77034401 | AE2: =AF2*$R$25 -> 2874.63 | AF2: 0.682
P3: 0 COUNT | Q3: =R25-Q1-Q2 -> 10 | R3: =Q3/$R$25 -> 0.0023724792 | W3: LOWER | X3: =R13+(-1*R17) -> -0.010461141 | Y3: =R13+(-2*R17) -> -0.020609949 | Z3: =R13+(-3*R17) -> -0.030758758 | AB3: 2 | AC3: 4010 | AD3: =AC3/$R$25 -> 0.95136418 | AE3: =AF3*$R$25 -> 4021.11 | AF3: 0.954
AB4: 3 | AC4: 4157 | AD4: =AC4/$R$25 -> 0.98623962 | AE4: =AF4*$R$25 -> 4206.57 | AF4: 0.998
A11: Date | B11: Price | C11: Open | D11: High | E11: Low | F11: Change % | G11: OPEN TO OPEN | H11: HIGH TO LOW | J11: INTERVALS | K11: Bin | L11: Frequency | M11: TEXT LABELS | N11: probabilities | O11: cumulative probabilities | Q11: Column1
A12: 40179 | B12: 1097.35 | C12: 1097.25 | D12: 1097.9 | E12: 1097.05 | F12: 0.001 | G12: =(C12-C13)/C13 -> 0.00091220068 | H12: =(D12-E12)/E12 -> 0.00077480516 | J12: -0.03 | K12: -0.03 | L12: 23 | M12: =TEXT(J12,"0.00%")&" TO "&TEXT(J13,"0.00%") -> -3.00% TO -2.70% | N12: =L12/$R$25 -> 0.0054567023 | O12: =N12 -> 0.0054567023
A13: 40182 | B13: 1120.4 | C13: 1096.25 | D13: 1123.8 | E13: 1093.45 | F13: 0.021 | G13: =(C13-C14)/C14 -> -0.022340141 | H13: =(D13-E13)/E13 -> 0.027756185 | J13: -0.027 | K13: -0.027 | L13: 13 | M13: =TEXT(J13,"0.00%")&" TO "&TEXT(J14,"0.00%") -> -2.70% TO -2.40% | N13: =L13/$R$25 -> 0.003084223 | O13: =N13+O12 -> 0.0085409253 | Q13: Mean | R13: -0.00031233211
A14: 40183 | B14: 1119.05 | C14: 1121.3 | D14: 1128.1 | E14: 1115.25 | F14: -0.0012 | G14: =(C14-C15)/C15 -> 0.00259299 | H14: =(D14-E14)/E14 -> 0.01152208 | J14: -0.024 | K14: -0.024 | L14: 16 | M14: =TEXT(J14,"0.00%")&" TO "&TEXT(J15,"0.00%") -> -2.40% TO -2.10% | N14: =L14/$R$25 -> 0.0037959668 | O14: =N14+O13 -> 0.012336892 | Q14: Standard Error | R14: 0.00015632062
A15: 40184 | B15: 1138.9 | C15: 1118.4 | D15: 1140.6 | E15: 1116 | F15: 0.0177 | G15: =(C15-C16)/C16 -> -0.017395888 | H15: =(D15-E15)/E15 -> 0.022043011 | J15: -0.021 | K15: -0.021 | L15: 35 | M15: =TEXT(J15,"0.00%")&" TO "&TEXT(J16,"0.00%") -> -2.10% TO -1.80% | N15: =L15/$R$25 -> 0.0083036773 | O15: =N15+O14 -> 0.020640569 | Q15: Median | R15: -0.00046663005
A16: 40185 | B16: 1132.3 | C16: 1138.2 | D16: 1139.15 | E16: 1128.6 | F16: -0.0058 | G16: =(C16-C17)/C17 -> 0.005610284 | H16: =(D16-E16)/E16 -> 0.0093478646 | J16: -0.018 | K16: -0.018 | L16: 67 | M16: =TEXT(J16,"0.00%")&" TO "&TEXT(J17,"0.00%") -> -1.80% TO -1.50% | N16: =L16/$R$25 -> 0.015895611 | O16: =N16+O15 -> 0.03653618 | Q16: Mode | R16: 0
A17: 40186 | B17: 1136.6 | C17: 1131.85 | D17: 1139.8 | E17: 1119.95 | F17: 0.0038 | G17: =(C17-C18)/C18 -> -0.0047045375 | H17: =(D17-E17)/E17 -> 0.017724006 | J17: -0.015 | K17: -0.015 | L17: 81 | M17: =TEXT(J17,"0.00%")&" TO "&TEXT(J18,"0.00%") -> -1.50% TO -1.20% | N17: =L17/$R$25 -> 0.019217082 | O17: =N17+O16 -> 0.055753262 | Q17: Standard Deviation | R17: 0.010148809
A18: 40189 | B18: 1153 | C18: 1137.2 | D18: 1161.9 | E18: 1137.2 | F18: 0.0144 | G18: =(C18-C19)/C19 -> -0.012461465 | H18: =(D18-E18)/E18 -> 0.021720014 | J18: -0.012 | K18: -0.012 | L18: 159 | M18: =TEXT(J18,"0.00%")&" TO "&TEXT(J19,"0.00%") -> -1.20% TO -0.90% | N18: =L18/$R$25 -> 0.03772242 | O18: =N18+O17 -> 0.093475682 | Q18: Sample Variance | R18: 0.00010299831
A19: 40190 | B19: 1127.7 | C19: 1151.55 | D19: 1158.4 | E19: 1125.35 | F19: -0.0219 | G19: =(C19-C20)/C20 -> 0.020425343 | H19: =(D19-E19)/E19 -> 0.029368641 | J19: -0.009 | K19: -0.009 | L19: 217 | M19: =TEXT(J19,"0.00%")&" TO "&TEXT(J20,"0.00%") -> -0.90% TO -0.60% | N19: =L19/$R$25 -> 0.0514828 | O19: =N19+O18 -> 0.14495848 | Q19: Kurtosis | R19: 9.8233872
A20: 40191 | B20: 1138.8 | C20: 1128.5 | D20: 1138.85 | E20: 1119.75 | F20: 0.0098 | G20: =(C20-C21)/C21 -> -0.008304407 | H20: =(D20-E20)/E20 -> 0.017057379 | J20: -0.006 | K20: -0.006 | L20: 381 | M20: =TEXT(J20,"0.00%")&" TO "&TEXT(J21,"0.00%") -> -0.60% TO -0.30% | N20: =L20/$R$25 -> 0.090391459 | O20: =N20+O19 -> 0.23534994 | Q20: Skewness | R20: 0.9071422
A21: 40192 | B21: 1143.25 | C21: 1137.95 | D21: 1146.65 | E21: 1131.15 | F21: 0.0039 | G21: =(C21-C22)/C22 -> -0.0045052926 | H21: =(D21-E21)/E21 -> 0.013702869 | J21: -0.003 | K21: -0.003 | L21: 557 | M21: =TEXT(J21,"0.00%")&" TO "&TEXT(J22,"0.00%") -> -0.30% TO 0.00% | N21: =L21/$R$25 -> 0.13214709 | O21: =N21+O20 -> 0.36749703 | Q21: Range | R21: 0.17965418
A22: 40193 | B22: 1130.9 | C22: 1143.1 | D22: 1146.6 | E22: 1127.5 | F22: -0.0108 | G22: =(C22-C23)/C23 -> 0.012130335 | H22: =(D22-E22)/E22 -> 0.016940133 | J22: 0 | K22: 0 | L22: 671 | M22: =TEXT(J22,"0.00%")&" TO "&TEXT(J23,"0.00%") -> 0.00% TO 0.30% | N22: =L22/$R$25 -> 0.15919336 | O22: =N22+O21 -> 0.52669039 | Q22: Minimum | R22: -0.055509441
A23: 40196 | B23: 1133 | C23: 1129.4 | D23: 1137.55 | E23: 1126.75 | F23: 0.0019 | G23: =(C23-C24)/C24 -> -0.002340886 | H23: =(D23-E23)/E23 -> 0.0095850899 | J23: 0.003 | K23: 0.003 | L23: 661 | M23: =TEXT(J23,"0.00%")&" TO "&TEXT(J24,"0.00%") -> 0.30% TO 0.60% | N23: =L23/$R$25 -> 0.15682088 | O23: =N23+O22 -> 0.68351127 | Q23: Maximum | R23: 0.12414474
A24: 40197 | B24: 1138.1 | C24: 1132.05 | D24: 1140.8 | E24: 1129 | F24: 0.0045 | G24: =(C24-C25)/C25 -> -0.0056653491 | H24: =(D24-E24)/E24 -> 0.010451727 | J24: 0.006 | K24: 0.006 | L24: 485 | M24: =TEXT(J24,"0.00%")&" TO "&TEXT(J25,"0.00%") -> 0.60% TO 0.90% | N24: =L24/$R$25 -> 0.11506524 | O24: =N24+O23 -> 0.79857651 | Q24: Sum | R24: -1.3164799
A25: 40198 | B25: 1111.7 | C25: 1138.5 | D25: 1141.6 | E25: 1107.4 | F25: -0.0232 | G25: =(C25-C26)/C26 -> 0.024153286 | H25: =(D25-E25)/E25 -> 0.03088315 | J25: 0.009 | K25: 0.009 | L25: 315 | M25: =TEXT(J25,"0.00%")&" TO "&TEXT(J26,"0.00%") -> 0.90% TO 1.20% | N25: =L25/$R$25 -> 0.074733096 | O25: =N25+O24 -> 0.87330961 | Q25: Count | R25: 4215
A26: 40199 | B26: 1095.15 | C26: 1111.65 | D26: 1117.85 | E26: 1088.7 | F26: -0.0149 | G26: =(C26-C27)/C27 -> 0.015530078 | H26: =(D26-E26)/E26 -> 0.026775053 | J26: 0.012 | K26: 0.012 | L26: 179 | M26: =TEXT(J26,"0.00%")&" TO "&TEXT(J27,"0.00%") -> 1.20% TO 1.50% | N26: =L26/$R$25 -> 0.042467378 | O26: =N26+O25 -> 0.91577699
A27: 40200 | B27: 1093 | C27: 1094.65 | D27: 1099.15 | E27: 1082.3 | F27: -0.002 | G27: =(C27-C28)/C28 -> 0.0032995738 | H27: =(D27-E27)/E27 -> 0.015568696 | J27: 0.015 | K27: 0.015 | L27: 121 | M27: =TEXT(J27,"0.00%")&" TO "&TEXT(J28,"0.00%") -> 1.50% TO 1.80% | N27: =L27/$R$25 -> 0.028706999 | O27: =N27+O26 -> 0.94448399
A28: 40203 | B28: 1098.25 | C28: 1091.05 | D28: 1104.2 | E28: 1091.05 | F28: 0.0048 | G28: =(C28-C29)/C29 -> -0.0066915513 | H28: =(D28-E28)/E28 -> 0.01205261 | J28: 0.018 | K28: 0.018 | L28: 85 | M28: =TEXT(J28,"0.00%")&" TO "&TEXT(J29,"0.00%") -> 1.80% TO 2.10% | N28: =L28/$R$25 -> 0.020166074 | O28: =N28+O27 -> 0.96465006
A29: 40204 | B29: 1098.05 | C29: 1098.4 | D29: 1103.55 | E29: 1085.8 | F29: -0.0002 | G29: =(C29-C30)/C30 -> 0.000637697 | H29: =(D29-E29)/E29 -> 0.016347394 | J29: 0.021 | K29: 0.021 | L29: 48 | M29: =TEXT(J29,"0.00%")&" TO "&TEXT(J30,"0.00%") -> 2.10% TO 2.40% | N29: =L29/$R$25 -> 0.0113879 | O29: =N29+O28 -> 0.97603796
A30: 40205 | B30: 1086.85 | C30: 1097.7 | D30: 1102.7 | E30: 1083.65 | F30: -0.0102 | G30: =(C30-C31)/C31 -> 0.0091009377 | H30: =(D30-E30)/E30 -> 0.017579477 | J30: 0.024 | K30: 0.024 | L30: 30 | M30: =TEXT(J30,"0.00%")&" TO "&TEXT(J31,"0.00%") -> 2.40% TO 2.70% | N30: =L30/$R$25 -> 0.0071174377 | O30: =N30+O29 -> 0.9831554
A31: 40206 | B31: 1086.3 | C31: 1087.8 | D31: 1096.35 | E31: 1074.15 | F31: -0.0005 | G31: =(C31-C32)/C32 -> 0.00055187638 | H31: =(D31-E31)/E31 -> 0.020667505 | J31: 0.027 | K31: 0.027 | L31: 28 | M31: =TEXT(J31,"0.00%")&" TO "&TEXT(J32,"0.00%") -> 2.70% TO 3.00% | N31: =L31/$R$25 -> 0.0066429419 | O31: =N31+O30 -> 0.98979834
A32: 40207 | B32: 1081.55 | C32: 1087.2 | D32: 1090.6 | E32: 1074.85 | F32: -0.0044 | G32: =(C32-C33)/C33 -> 0.0065734654 | H32: =(D32-E32)/E32 -> 0.014653207 | J32: 0.03 | K32: 0.03 | L32: 8 | N32: =L32/$R$25 -> 0.0018979834 | O32: =N32+O31 -> 0.99169632
A33: 40210 | B33: 1107.35 | C33: 1080.1 | D33: 1107.9 | E33: 1076.8 | F33: 0.0239 | G33: =(C33-C34)/C34 -> -0.023241092 | H33: =(D33-E33)/E33 -> 0.028881872 | K33: More | L33: 35 | N33: =L33/$R$25 -> 0.0083036773 | O33: =N33+O32 -> 1
A34: 40211 | B34: 1115.2 | C34: 1105.8 | D34: 1118.35 | E34: 1099 | F34: 0.0071 | G34: =(C34-C35)/C35 -> -0.0077171572 | H34: =(D34-E34)/E34 -> 0.017606915
A35: 40212 | B35: 1109.65 | C35: 1114.4 | D35: 1124.85 | E35: 1107.2 | F35: -0.005 | G35: =(C35-C36)/C36 -> 0.0045974939 | H35: =(D35-E35)/E35 -> 0.015941113
A36: 40213 | B36: 1063.45 | C36: 1109.3 | D36: 1111.1 | E36: 1059.5 | F36: -0.0416 | G36: =(C36-C37)/C37 -> 0.043408738 | H36: =(D36-E36)/E36 -> 0.048702218
A37: 40214 | B37: 1065.45 | C37: 1063.15 | D37: 1069.15 | E37: 1044.25 | F37: 0.0019 | G37: =(C37-C38)/C38 -> -0.0039816376 | H37: =(D37-E37)/E37 -> 0.023844865
A38: 40217 | B38: 1063.75 | C38: 1067.4 | D38: 1073.9 | E38: 1061.9 | F38: -0.0016 | G38: =(C38-C39)/C39 -> 0.0041864622 | H38: =(D38-E38)/E38 -> 0.011300499
A39: 40218 | B39: 1077.3 | C39: 1062.95 | D39: 1083.45 | E39: 1061.8 | F39: 0.0127 | G39: =(C39-C40)/C40 -> -0.013457701 | H39: =(D39-E39)/E39 -> 0.020389904 | J39: INTERVALS | K39: Bin | L39: Frequency | N39: PROBABILITIES | O39: CUMULATIVE | Q39: Column1
A40: 40219 | B40: 1072.85 | C40: 1077.45 | D40: 1082.5 | E40: 1063.5 | F40: -0.0041 | G40: =(C40-C41)/C41 -> 0.0050839552 | H40: =(D40-E40)/E40 -> 0.017865538 | J40: 0.002 | K40: 0.002 | L40: 17 | N40: =L40/$R$53 -> 0.0040322581 | O40: =N40 -> 0.0040322581
A41: 40220 | B41: 1095.35 | C41: 1072 | D41: 1098.15 | E41: 1071.35 | F41: 0.021 | G41: =(C41-C42)/C42 -> -0.022522112 | H41: =(D41-E41)/E41 -> 0.025015168 | J41: 0.004 | K41: 0.004 | L41: 30 | N41: =L41/$R$53 -> 0.0071157495 | O41: =N41+O40 -> 0.011148008 | Q41: Mean | R41: 0.014440703
A42: 40221 | B42: 1093.4 | C42: 1096.7 | D42: 1097.35 | E42: 1078.55 | F42: -0.0018 | G42: =(C42-C43)/C43 -> 0.0035228988 | H42: =(D42-E42)/E42 -> 0.01743081 | J42: 0.006 | K42: 0.006 | L42: 178 | N42: =L42/$R$53 -> 0.042220114 | O42: =N42+O41 -> 0.053368121 | Q42: Standard Error | R42: 0.00013824869
A43: 40224 | B43: 1101 | C43: 1092.85 | D43: 1102.65 | E43: 1092 | F43: 0.007 | G43: =(C43-C44)/C44 -> -0.0061385959 | H43: =(D43-E43)/E43 -> 0.0097527473 | J43: 0.008 | K43: 0.008 | L43: 479 | N43: =L43/$R$53 -> 0.1136148 | O43: =N43+O42 -> 0.16698292 | Q43: Median | R43: 0.012383264
A44: 40225 | B44: 1119.95 | C44: 1099.6 | D44: 1121.2 | E44: 1097.85 | F44: 0.0172 | G44: =(C44-C45)/C45 -> -0.017556399 | H44: =(D44-E44)/E44 -> 0.021268844 | J44: 0.01 | K44: 0.01 | L44: 656 | N44: =L44/$R$53 -> 0.15559772 | O44: =N44+O43 -> 0.32258065 | Q44: Mode | R44: 0
A45: 40226 | B45: 1115.2 | C45: 1119.25 | D45: 1127.25 | E45: 1111.7 | F45: -0.0042 | G45: =(C45-C46)/C46 -> 0.011659963 | H45: =(D45-E45)/E45 -> 0.013987587 | J45: 0.012 | K45: 0.012 | L45: 636 | N45: =L45/$R$53 -> 0.15085389 | O45: =N45+O44 -> 0.47343454 | Q45: Standard Deviation | R45: 0.0089765885
A46: 40227 | B46: 1123.9 | C46: 1106.35 | D46: 1124.05 | E46: 1098.2 | F46: 0.0078 | G46: =(C46-C47)/C47 -> -0.0044542428 | H46: =(D46-E46)/E46 -> 0.023538518 | J46: 0.014 | K46: 0.014 | L46: 539 | N46: =L46/$R$53 -> 0.1278463 | O46: =N46+O45 -> 0.60128083 | Q46: Sample Variance | R46: 8.0579141e-05
A47: 40228 | B47: 1118.85 | C47: 1111.3 | D47: 1126.95 | E47: 1098.95 | F47: -0.0045 | G47: =(C47-C48)/C48 -> -0.012089964 | H47: =(D47-E47)/E47 -> 0.025478866 | J47: 0.016 | K47: 0.016 | L47: 430 | N47: =L47/$R$53 -> 0.10199241 | O47: =N47+O46 -> 0.70327324 | Q47: Kurtosis | R47: 34.86113
A48: 40231 | B48: 1113.7 | C48: 1124.9 | D48: 1131.05 | E48: 1109.7 | F48: -0.0046 | G48: =(C48-C49)/C49 -> 0.0099658826 | H48: =(D48-E48)/E48 -> 0.019239434 | J48: 0.018 | K48: 0.018 | L48: 322 | N48: =L48/$R$53 -> 0.076375712 | O48: =N48+O47 -> 0.77964896 | Q48: Skewness | R48: 3.9313201
A49: 40232 | B49: 1102.05 | C49: 1113.8 | D49: 1121.2 | E49: 1099.35 | F49: -0.0105 | G49: =(C49-C50)/C50 -> 0.0094254124 | H49: =(D49-E49)/E49 -> 0.019875381 | J49: 0.02 | K49: 0.02 | L49: 227 | N49: =L49/$R$53 -> 0.053842505 | O49: =N49+O48 -> 0.83349146 | Q49: Range | R49: 0.16430369
A50: 40233 | B50: 1096.4 | C50: 1103.4 | D50: 1108.35 | E50: 1089.85 | F50: -0.0051 | G50: =(C50-C51)/C51 -> 0.0052842566 | H50: =(D50-E50)/E50 -> 0.016974813 | J50: 0.022 | K50: 0.022 | L50: 167 | N50: =L50/$R$53 -> 0.039611006 | O50: =N50+O49 -> 0.87310247 | Q50: Minimum | R50: 0
A51: 40234 | B51: 1106.1 | C51: 1097.6 | D51: 1109.15 | E51: 1088.6 | F51: 0.0088 | G51: =(C51-C52)/C52 -> -0.0066968326 | H51: =(D51-E51)/E51 -> 0.018877457 | J51: 0.024 | K51: 0.024 | L51: 132 | N51: =L51/$R$53 -> 0.031309298 | O51: =N51+O50 -> 0.90441176 | Q51: Maximum | R51: 0.16430369
A52: 40235 | B52: 1116.5 | C52: 1105 | D52: 1119.2 | E52: 1104.4 | F52: 0.0094 | G52: =(C52-C53)/C53 -> -0.010344364 | H52: =(D52-E52)/E52 -> 0.013400942 | J52: 0.026 | K52: 0.026 | L52: 97 | N52: =L52/$R$53 -> 0.02300759 | O52: =N52+O51 -> 0.92741935 | Q52: Sum | R52: 60.882005
A53: 40238 | B53: 1117.35 | C53: 1116.55 | D53: 1123.7 | E53: 1112.05 | F53: 0.0008 | G53: =(C53-C54)/C54 -> -0.0019664804 | H53: =(D53-E53)/E53 -> 0.010476148 | J53: 0.028 | K53: 0.028 | L53: 74 | N53: =L53/$R$53 -> 0.017552182 | O53: =N53+O52 -> 0.94497154 | Q53: Count | R53: 4216
A54: 40239 | B54: 1134.65 | C54: 1118.75 | D54: 1137.75 | E54: 1115.1 | F54: 0.0155 | G54: =(C54-C55)/C55 -> -0.014186897 | H54: =(D54-E54)/E54 -> 0.02031208 | J54: 0.03 | K54: 0.03 | L54: 41 | N54: =L54/$R$53 -> 0.0097248577 | O54: =N54+O53 -> 0.95469639
A55: 40240 | B55: 1139.5 | C55: 1134.85 | D55: 1145 | E55: 1132.4 | F55: 0.0043 | G55: =(C55-C56)/C56 -> -0.0043428672 | H55: =(D55-E55)/E55 -> 0.01112681 | J55: 0.032 | K55: 0.032 | L55: 30 | N55: =L55/$R$53 -> 0.0071157495 | O55: =N55+O54 -> 0.96181214
A56: 40241 | B56: 1132 | C56: 1139.8 | D56: 1141.6 | E56: 1126.1 | F56: -0.0066 | G56: =(C56-C57)/C57 -> 0.0070683866 | H56: =(D56-E56)/E56 -> 0.013764319 | J56: 0.034 | K56: 0.034 | L56: 36 | N56: =L56/$R$53 -> 0.0085388994 | O56: =N56+O55 -> 0.97035104
A57: 40242 | B57: 1132.05 | C57: 1131.8 | D57: 1140.7 | E57: 1127 | F57: 0 | G57: =(C57-C58)/C58 -> -0.0034340055 | H57: =(D57-E57)/E57 -> 0.012156167 | J57: 0.036 | K57: 0.036 | L57: 18 | N57: =L57/$R$53 -> 0.0042694497 | O57: =N57+O56 -> 0.97462049
A58: 40245 | B58: 1122.4 | C58: 1135.7 | D58: 1137.8 | E58: 1118.55 | F58: -0.0085 | G58: =(C58-C59)/C59 -> 0.011038903 | H58: =(D58-E58)/E58 -> 0.017209781 | J58: 0.038 | K58: 0.038 | L58: 15 | N58: =L58/$R$53 -> 0.0035578748 | O58: =N58+O57 -> 0.97817837
A59: 40246 | B59: 1120.1 | C59: 1123.3 | D59: 1124.7 | E59: 1108.95 | F59: -0.002 | G59: =(C59-C60)/C60 -> 0.0014710471 | H59: =(D59-E59)/E59 -> 0.014202624 | J59: 0.04 | K59: 0.04 | L59: 20 | N59: =L59/$R$53 -> 0.004743833 | O59: =N59+O58 -> 0.9829222
A60: 40247 | B60: 1108.2 | C60: 1121.65 | D60: 1128.15 | E60: 1103.25 | F60: -0.0106 | G60: =(C60-C61)/C61 -> 0.01199982 | H60: =(D60-E60)/E60 -> 0.02256968 | K60: More | L60: 72 | N60: =L60/$R$53 -> 0.017077799 | O60: =N60+O59 -> 1
A61: 40248 | B61: 1109.45 | C61: 1108.35 | D61: 1111.65 | E61: 1100.44 | F61: 0.0011 | G61: =(C61-C62)/C62 -> -0.0011715406 | H61: =(D61-E61)/E61 -> 0.010186834
A62: 40249 | B62: 1102.45 | C62: 1109.65 | D62: 1119.45 | E62: 1098.65 | F62: -0.0063 | G62: =(C62-C63)/C63 -> 0.0083144025 | H62: =(D62-E62)/E62 -> 0.018932326
A63: 40252 | B63: 1109.1 | C63: 1100.5 | D63: 1109.8 | E63: 1100.35 | F63: 0.006 | G63: =(C63-C64)/C64 -> -0.0080670603 | H63: =(D63-E63)/E63 -> 0.0085881765
A64: 40253 | B64: 1125.7 | C64: 1109.45 | D64: 1129.45 | E64: 1109.05 | F64: 0.015 | G64: =(C64-C65)/C65 -> -0.014785543 | H64: =(D64-E64)/E64 -> 0.018394121
A65: 40254 | B65: 1125.05 | C65: 1126.1 | D65: 1133.8 | E65: 1118.85 | F65: -0.0006 | G65: =(C65-C66)/C66 -> 0.0018683274 | H65: =(D65-E65)/E65 -> 0.013361934
A66: 40255 | B66: 1125.95 | C66: 1124 | D66: 1129.55 | E66: 1118.4 | F66: 0.0008 | G66: =(C66-C67)/C67 -> -0.0017318709 | H66: =(D66-E66)/E66 -> 0.0099695994
A67: 40256 | B67: 1107.55 | C67: 1125.95 | D67: 1127.5 | E67: 1101.95 | F67: -0.0163 | G67: =(C67-C68)/C68 -> 0.016750948 | H67: =(D67-E67)/E67 -> 0.02318617
A68: 40259 | B68: 1102.3 | C68: 1107.4 | D68: 1108.85 | E68: 1092.75 | F68: -0.0047 | G68: =(C68-C69)/C69 -> 0.0044899995 | H68: =(D68-E68)/E68 -> 0.014733471
A69: 40260 | B69: 1102.65 | C69: 1102.45 | D69: 1108.05 | E69: 1094.8 | F69: 0.0003 | G69: =(C69-C70)/C70 -> 0.00063535285 | H69: =(D69-E69)/E69 -> 0.012102667
A70: 40261 | B70: 1087.5 | C70: 1101.75 | D70: 1105.4 | E70: 1085.35 | F70: -0.0137 | G70: =(C70-C71)/C71 -> 0.014035895 | H70: =(D70-E70)/E70 -> 0.018473304
A71: 40262 | B71: 1091.35 | C71: 1086.5 | D71: 1095.95 | E71: 1085.45 | F71: 0.0035 | G71: =(C71-C72)/C72 -> -0.0027993208 | H71: =(D71-E71)/E71 -> 0.0096734073
A72: 40263 | B72: 1106.6 | C72: 1089.55 | D72: 1110.65 | E72: 1088.85 | F72: 0.014 | G72: =(C72-C73)/C73 -> -0.018909549 | H72: =(D72-E72)/E72 -> 0.020021123
... A4226: 46093 | B4226: 5080.07 | C4226: 5177.38 | D4226: 5194.79 | E4226: 5054.67 | F4226: -0.0187 | G4226: =(C4226-C4227)/C4227 -> 0.019028874 | H4226: =(D4226-E4226)/E4226 -> 0.0277209
A4227: 46094 | B4227: 5019.25 | C4227: 5080.7 | D4227: 5129.13 | E4227: 5009.51 | F4227: -0.012 | H4227: =(D4227-E4227)/E4227 -> 0.023878583

Sheet SUMMARY 
A1: OPEN TO OPEN RETURNS | F1: OPEN TO OPEN RETURNS
A3: USD/JPY | C3: EUR/JPY | F3: USD/JPY | H3: EUR/JPY
A4: STANDARD DEVIATION | C4: STANDARD DEVIATION | F4: STANDARD DEVIATION | H4: STANDARD DEVIATION
A5: AVERAGE POSITIVE RETURN | C5: AVERAGE POSITIVE RETURN | F5: AVERAGE POSITIVE RETURN | H5: AVERAGE POSITIVE RETURN
A6: AVERAGE NEGATIVE RETURN | C6: AVERAGE NEGATIVE RETURN
A7: RANGE | C7: RANGE
A8: MINIMUM | C8: MINIMUM
A9: MAXIMUM | C9: MAXIMUM
A14: OPEN TO OPEN RETURNS | F14: OPEN TO OPEN RETURNS
A16: USD/CAD | C16: USD/CHF | F16: USD/CAD | H16: USD/CHF
A17: STANDARD DEVIATION | C17: STANDARD DEVIATION | F17: STANDARD DEVIATION | H17: STANDARD DEVIATION
A18: AVERAGE POSITIVE RETURN | C18: AVERAGE POSITIVE RETURN | F18: AVERAGE POSITIVE RETURN | H18: AVERAGE POSITIVE RETURN
A19: AVERAGE NEGATIVE RETURN | C19: AVERAGE NEGATIVE RETURN
A20: RANGE | C20: RANGE
A21: MINIMUM | C21: MINIMUM
A22: MAXIMUM | C22: MAXIMUM
A27: OPEN TO OPEN RETURNS | F27: OPEN TO OPEN RETURNS
A29: USD/ZAR | C29: USD/TRY | F29: USD/ZAR | H29: USD/TRY
A30: STANDARD DEVIATION | C30: STANDARD DEVIATION | F30: STANDARD DEVIATION | H30: STANDARD DEVIATION
A31: AVERAGE POSITIVE RETURN | C31: AVERAGE POSITIVE RETURN | F31: AVERAGE POSITIVE RETURN | H31: AVERAGE POSITIVE RETURN
A32: AVERAGE NEGATIVE RETURN | C32: AVERAGE NEGATIVE RETURN
A33: RANGE | C33: RANGE
A34: MINIMUM | C34: MINIMUM
A35: MAXIMUM | C35: MAXIMUM
A41: OPEN TO OPEN RETURNS | F41: OPEN TO OPEN RETURNS
A43: XAUUSD | C43: USD/CNH | F43: XAUUSD | H43: USD/CNH
A44: STANDARD DEVIATION | C44: STANDARD DEVIATION | F44: STANDARD DEVIATION | H44: STANDARD DEVIATION
A45: AVERAGE POSITIVE RETURN | C45: AVERAGE POSITIVE RETURN | F45: AVERAGE POSITIVE RETURN | H45: AVERAGE POSITIVE RETURN
A46: AVERAGE NEGATIVE RETURN | C46: AVERAGE NEGATIVE RETURN
A47: RANGE | C47: RANGE
A48: MINIMUM | C48: MINIMUM
A49: MAXIMUM | C49: MAXIMUM
